budget,revenue,vote_average,vote_count,imdbID,Title,Year,Genre,Metascore,imdbRating,studio_type,audience_score,metascore_10,gap
55000000,1078958629,8.122,27972,tt7286456,Joker,2019,"Crime, Drama, Thriller",59.0,8.3,major,8.211,5.9,2.311
150000000,378858340,7.635,24294,tt1392190,Mad Max: Fury Road,2015,"Action, Adventure, Sci-Fi",90.0,8.1,major,7.8675,9.0,-1.1325000000000003
175000000,749200054,5.917,22234,tt1386697,Suicide Squad,2016,"Action, Adventure, Fantasy",40.0,5.9,major,5.9085,4.0,1.9085
150000000,1671537444,6.703,21727,tt0369610,Jurassic World,2015,"Action, Adventure, Sci-Fi",59.0,6.9,major,6.801500000000001,5.9,0.9015000000000004
149000000,823970682,7.207,21027,tt0451279,Wonder Woman,2017,"Action, Adventure, Fantasy",76.0,7.3,major,7.2535,7.6,-0.3464999999999998
180000000,809342332,7.309,19819,tt3183660,Fantastic Beasts and Where to Find Them,2016,"Adventure, Family, Fantasy",66.0,7.2,major,7.2545,6.6,0.6545000000000005
250000000,874362803,6.006,19157,tt2975590,Batman v Superman: Dawn of Justice,2016,"Action, Adventure, Sci-Fi",44.0,6.4,major,6.203,4.4,1.803
150000000,549136737,7.45,17723,tt5013056,Dunkirk,2017,"Action, Drama, History",94.0,7.8,major,7.625,9.4,-1.7750000000000004
175000000,607274134,7.589,17121,tt1677720,Ready Player One,2018,"Action, Adventure, Sci-Fi",64.0,7.4,major,7.4945,6.4,1.0945
160000000,1266115964,6.967,16081,tt2771200,Beauty and the Beast,2017,"Adventure, Family, Fantasy",65.0,7.1,major,7.0335,6.5,0.5335000000000001
17000000,340955294,7.395,15499,tt6644200,A Quiet Place,2018,"Drama, Horror, Sci-Fi",82.0,7.5,major,7.4475,8.2,-0.7524999999999995
160000000,1152028393,6.866,15039,tt1477834,Aquaman,2018,"Action, Adventure, Fantasy",55.0,6.8,major,6.833,5.5,1.3330000000000002
300000000,661326987,6.07,13776,tt0974015,Justice League,2017,"Action, Adventure, Fantasy",45.0,6.0,major,6.035,4.5,1.5350000000000001
230000000,795922298,6.662,12929,tt1790809,Pirates of the Caribbean: Dead Men Tell No Tales,2017,"Action, Adventure, Fantasy",39.0,6.5,major,6.5809999999999995,3.9,2.6809999999999996
170000000,1310469037,6.531,12872,tt4881806,Jurassic World: Fallen Kingdom,2018,"Action, Adventure, Sci-Fi",51.0,6.2,major,6.3655,5.1,1.2655000000000003
40000000,569651467,5.867,12472,tt2322441,Fifty Shades of Grey,2015,"Drama, Romance, Thriller",46.0,4.2,major,5.0335,4.6,0.43350000000000044
36000000,436388866,7.492,12287,tt1517451,A Star Is Born,2018,"Drama, Music, Romance",88.0,7.6,major,7.545999999999999,8.8,-1.2540000000000013
185000000,772775278,7.664,12196,tt1877830,The Batman,2022,"Action, Crime, Drama",72.0,7.8,major,7.731999999999999,7.2,0.5319999999999991
100000000,952000000,8.023,12086,tt15398776,Oppenheimer,2023,"Biography, Drama, History",90.0,8.2,major,8.1115,9.0,-0.8885000000000005
200000000,654900000,6.833,11553,tt4123430,Fantastic Beasts: The Crimes of Grindelwald,2018,"Adventure, Family, Fantasy",52.0,6.5,major,6.6665,5.2,1.4665
190000000,1515400000,7.216,11381,tt2820852,Furious 7,2015,"Action, Thriller",67.0,7.1,major,7.1579999999999995,6.7,0.4579999999999993
145000000,1447138421,6.916,11292,tt1517268,Barbie,2023,"Adventure, Comedy, Fantasy",80.0,6.8,major,6.8580000000000005,8.0,-1.1419999999999995
205000000,365304105,7.175,11280,tt6723592,Tenet,2020,"Action, Sci-Fi, Thriller",69.0,7.3,major,7.2375,6.9,0.33749999999999947
170000000,1488732821,8.158,11241,tt1745960,Top Gun: Maverick,2022,"Action, Drama",78.0,8.2,major,8.178999999999998,7.8,0.37899999999999867
74000000,1159457503,6.421,11184,tt2293640,Minions,2015,"Animation, Adventure, Comedy",56.0,6.4,major,6.410500000000001,5.6,0.8105000000000011
70000000,0,8.1,10961,tt12361974,Zack Snyder's Justice League,2021,"Action, Adventure, Fantasy",54.0,7.9,major,8.0,5.4,2.5999999999999996
100000000,1360879735,7.602,10934,tt6718170,The Super Mario Bros. Movie,2023,"Animation, Adventure, Comedy",46.0,7.0,major,7.301,4.6,2.7010000000000005
75000000,205537933,6.87,10890,tt7713068,Birds of Prey and the Fantabulous Emancipation of One Harley Quinn,2020,"Action, Comedy, Crime",60.0,6.1,major,6.484999999999999,6.0,0.48499999999999943
250000000,1236000000,6.852,10887,tt4630562,The Fate of the Furious,2017,"Action, Crime, Thriller",56.0,6.6,major,6.726,5.6,1.1260000000000003
260000000,1662020819,7.095,10814,tt6105098,The Lion King,2019,"Animation, Adventure, Drama",55.0,6.8,major,6.9475,5.5,1.4474999999999998
183000000,1054304000,7.081,10705,tt6139732,Aladdin,2019,"Adventure, Comedy, Family",53.0,6.9,major,6.990500000000001,5.3,1.690500000000001
85000000,319715683,7.279,10467,tt3794354,Sonic the Hedgehog,2020,"Action, Adventure, Comedy",47.0,6.5,major,6.8895,4.7,2.1895
200000000,233503234,7.972,10174,tt3228774,Cruella,2021,"Adventure, Comedy, Crime",59.0,7.3,major,7.636,5.9,1.7359999999999998
28000000,133346506,7.368,9936,tt1596363,The Big Short,2015,"Biography, Comedy, Drama",81.0,7.8,major,7.584,8.1,-0.516
150000000,682716636,7.225,9807,tt2381249,Mission: Impossible - Rogue Nation,2015,"Action, Adventure, Thriller",75.0,7.4,major,7.3125,7.5,-0.1875
185000000,168717425,7.456,9711,tt6334354,The Suicide Squad,2021,"Action, Adventure, Comedy",72.0,7.2,major,7.328,7.2,0.1280000000000001
40000000,43070915,6.446,9465,tt2798920,Annihilation,2018,"Adventure, Drama, Horror",79.0,6.8,major,6.622999999999999,7.9,-1.277000000000001
85000000,346118277,6.1,9279,tt1293847,xXx: Return of Xander Cage,2017,"Action, Adventure, Thriller",42.0,5.2,major,5.65,4.2,1.4500000000000002
178000000,824171374,7.45,9234,tt4912910,Mission: Impossible - Fallout,2018,"Action, Adventure, Thriller",87.0,7.7,major,7.575,8.7,-1.1249999999999991
200000000,169601036,6.364,9138,tt7126948,Wonder Woman 1984,2020,"Action, Adventure, Fantasy",60.0,5.3,major,5.832,6.0,-0.16800000000000015
110000000,473990832,6.248,9100,tt2126355,San Andreas,2015,"Action, Adventure, Thriller",43.0,6.1,major,6.1739999999999995,4.3,1.8739999999999997
155000000,440603537,5.959,9057,tt1340138,Terminator Genisys,2015,"Action, Adventure, Sci-Fi",38.0,6.3,major,6.1295,3.8,2.3295000000000003
70000000,297718711,6.953,8876,tt5164214,Ocean's Eight,2018,"Action, Comedy, Crime",61.0,6.3,major,6.6265,6.1,0.5265000000000004
110000000,169801921,6.109,8636,tt1219827,Ghost in the Shell,2017,"Action, Crime, Drama",52.0,6.3,major,6.2044999999999995,5.2,1.0044999999999993
75000000,875457937,6.3,8567,tt2709768,The Secret Life of Pets,2016,"Animation, Adventure, Comedy",61.0,6.5,major,6.4,6.1,0.3000000000000007
69000000,177900000,6.081,8560,tt1469304,Baywatch,2017,"Action, Comedy, Crime",37.0,5.5,major,5.7905,3.7,2.0904999999999996
175000000,966550600,6.877,8558,tt3040964,The Jungle Book,2016,"Animation, Action, Adventure",77.0,7.3,major,7.0885,7.7,-0.6115000000000004
94000000,274650803,6.365,8420,tt1365519,Tomb Raider,2018,"Action, Adventure, Fantasy",48.0,6.3,major,6.3325,4.8,1.5324999999999998
55000000,371985018,6.67,8396,tt4477536,Fifty Shades Freed,2018,"Drama, Mystery, Romance",31.0,4.6,major,5.635,3.1,2.5349999999999997
50100000,153962963,6.872,8342,tt2381941,Focus,2015,"Comedy, Crime, Drama",56.0,6.6,major,6.736,5.6,1.1360000000000001
150000000,530517320,6.252,8269,tt4779682,The Meg,2018,"Action, Adventure, Horror",46.0,5.7,major,5.976,4.6,1.3760000000000003
20000000,256071218,6.944,8167,tt6857112,Us,2019,"Horror, Mystery, Thriller",81.0,6.8,major,6.872,8.1,-1.2279999999999998
68000000,215863606,6.326,8063,tt2637276,Ted 2,2015,Comedy,48.0,6.3,major,6.313,4.8,1.513
55000000,381545846,6.473,7980,tt4465564,Fifty Shades Darker,2017,"Drama, Mystery, Romance",33.0,4.6,major,5.5365,3.3,2.2365000000000004
200000000,760098996,6.827,7840,tt6806448,Fast & Furious Presents: Hobbs & Shaw,2019,"Action, Adventure, Thriller",60.0,6.4,major,6.6135,6.0,0.6135000000000002
60000000,240800000,7.205,7781,tt3263904,Sully,2016,"Biography, Drama, History",74.0,7.4,major,7.3025,7.4,-0.09750000000000014
200000000,726229501,6.991,7774,tt5433138,F9: The Fast Saga,2021,"Action, Crime, Thriller",58.0,5.2,major,6.0954999999999995,5.8,0.29549999999999965
125000000,409231607,5.521,7709,tt2345759,The Mummy,2017,"Action, Adventure, Fantasy",34.0,5.4,major,5.4605,3.4,2.0604999999999998
80000000,1034800131,6.47,7695,tt3469046,Despicable Me 3,2017,"Animation, Adventure, Comedy",49.0,6.3,major,6.385,4.9,1.4849999999999994
55000000,297372261,7.431,7502,tt8332922,A Quiet Place Part II,2020,"Drama, Horror, Sci-Fi",71.0,7.2,major,7.3155,7.1,0.21550000000000047
95000000,543514353,6.826,7455,tt1661199,Cinderella,2015,"Adventure, Drama, Family",67.0,6.9,major,6.8629999999999995,6.7,0.16299999999999937
44000000,155160045,7.138,7456,tt2140479,The Accountant,2016,"Action, Crime, Drama",51.0,7.3,major,7.218999999999999,5.1,2.1189999999999998
190000000,209200000,6.298,7405,tt1964418,Tomorrowland,2015,"Action, Adventure, Family",60.0,6.4,major,6.349,6.0,0.3490000000000002
35000000,194564672,7.229,7392,tt2361509,The Intern,2015,"Comedy, Drama",51.0,7.1,major,7.1645,5.1,2.0645000000000007
176000000,184000000,5.472,7168,tt1617661,Jupiter Ascending,2015,"Animation, Action, Adventure",40.0,5.3,major,5.386,4.0,1.3860000000000001
185000000,343471816,6.793,7167,tt2660888,Star Trek Beyond,2016,"Action, Adventure, Sci-Fi",68.0,7.0,major,6.8965,6.8,0.09649999999999981
30000000,44516999,6.956,7164,tt5109784,Mother!,2017,"Drama, Horror, Mystery",76.0,6.6,major,6.7780000000000005,7.6,-0.8219999999999992
658800000,1004004592,6.602,7161,tt8041270,Jurassic World: Dominion,2022,"Action, Adventure, Sci-Fi",38.0,5.6,major,6.101,3.8,2.301
200000000,393452111,6.787,7124,tt6443346,Black Adam,2022,"Action, Adventure, Fantasy",41.0,6.1,major,6.4435,4.1,2.3435000000000006
200000000,69965374,6.823,7096,tt4566758,Mulan,2020,"Action, Adventure, Drama",66.0,5.8,major,6.3115000000000006,6.6,-0.2884999999999991
75000000,110045109,7.079,6929,tt1638355,The Man from U.N.C.L.E.,2015,"Action, Adventure, Comedy",56.0,7.2,major,7.1395,5.6,1.5395000000000003
170000000,299457024,6.6,6828,tt2567026,Alice Through the Looking Glass,2016,"Adventure, Family, Fantasy",34.0,6.2,major,6.4,3.4,3.0000000000000004
217000000,605425157,6.06,6802,tt3371366,Transformers: The Last Knight,2017,"Action, Adventure, Comedy",27.0,5.2,major,5.63,2.7,2.9299999999999997
135000000,467989645,6.72,6702,tt4701182,Bumblebee,2018,"Action, Adventure, Sci-Fi",66.0,6.7,major,6.71,6.6,0.11000000000000032
200000000,141888276,7.6,6634,tt7146812,Onward,2020,"Animation, Adventure, Comedy",61.0,7.4,major,7.5,6.1,1.4000000000000004
4800000,125479266,6.66,6623,tt5308322,Happy Death Day,2017,"Comedy, Horror, Mystery",58.0,6.6,major,6.63,5.8,0.8300000000000001
190000000,156497322,6.327,6575,tt10838180,The Matrix Resurrections,2021,"Action, Sci-Fi",63.0,5.6,major,5.9635,6.3,-0.3365
180000000,356743061,5.923,6566,tt0918940,The Legend of Tarzan,2016,"Action, Adventure, Drama",44.0,6.2,major,6.0615000000000006,4.4,1.6615000000000002
185000000,491730089,7.296,6546,tt4777008,Maleficent: Mistress of Evil,2019,"Adventure, Drama, Family",43.0,6.6,major,6.948,4.3,2.6480000000000006
340000000,704709660,6.988,6404,tt5433140,Fast X,2023,"Action, Adventure, Crime",56.0,5.7,major,6.344,5.6,0.7440000000000007
200000000,220889446,7.282,6230,tt0870154,Jungle Cruise,2021,"Action, Adventure, Comedy",50.0,6.5,major,6.891,5.0,1.891
175000000,149175066,6.558,6111,tt1972591,King Arthur: Legend of the Sword,2017,"Action, Adventure, Drama",41.0,6.7,major,6.629,4.1,2.529
16000000,161441914,7.515,5938,tt7144666,The Black Phone,2022,"Horror, Mystery, Thriller",65.0,6.9,major,7.2075,6.5,0.7074999999999996
110000000,405421518,7.428,5932,tt12412888,Sonic the Hedgehog 2,2022,"Action, Adventure, Comedy",47.0,6.5,major,6.964,4.7,2.2640000000000002
185000000,261119292,6.421,5754,tt6450804,Terminator: Dark Fate,2019,"Action, Adventure, Sci-Fi",54.0,6.2,major,6.3105,5.4,0.9104999999999999
70000000,105713218,7.042,5720,tt1213641,First Man,2018,"Biography, Drama, History",84.0,7.3,major,7.170999999999999,8.4,-1.229000000000001
150000000,331957105,6.033,5599,tt2034800,The Great Wall,2016,"Action, Adventure, Fantasy",42.0,5.9,major,5.9665,4.2,1.7664999999999997
50000000,86234523,6.946,5565,tt2005151,War Dogs,2016,"Biography, Comedy, Crime",57.0,7.1,major,7.023,5.7,1.3229999999999995
29000000,287144079,6.8,5546,tt2848292,Pitch Perfect 2,2015,"Comedy, Music",63.0,6.4,major,6.6,6.3,0.2999999999999998
10000000,118587880,6.38,5537,tt4094724,The Purge: Election Year,2016,"Action, Horror, Sci-Fi",55.0,6.0,major,6.1899999999999995,5.5,0.6899999999999995
140000000,173469516,6.262,5507,tt1025100,Gemini Man,2019,"Action, Sci-Fi, Thriller",38.0,5.7,major,5.981,3.8,2.181
80000000,311950384,7.253,5488,tt4116284,The Lego Batman Movie,2017,"Animation, Action, Adventure",75.0,7.3,major,7.2765,7.5,-0.2234999999999996
50000000,174800000,6.87,5410,tt7959026,The Mule,2018,"Crime, Drama, Thriller",58.0,7.0,major,6.9350000000000005,5.8,1.1350000000000007
60000000,162100000,6.027,5400,tt3393786,Jack Reacher: Never Go Back,2016,"Action, Thriller",47.0,6.2,major,6.1135,4.7,1.4135
125000000,304870828,6.311,5392,tt5758778,Skyscraper,2018,"Action, Adventure, Thriller",51.0,5.8,major,6.0555,5.1,0.9555000000000007
195000000,441381193,7.169,5339,tt5090568,Transformers: Rise of the Beasts,2023,"Action, Adventure, Sci-Fi",42.0,6.0,major,6.5845,4.2,2.3845
55000000,203427584,6.825,5286,tt2719848,Everest,2015,"Adventure, Biography, Drama",64.0,7.1,major,6.9625,6.4,0.5625
120000000,221600160,6.126,5248,tt1981128,Geostorm,2017,"Action, Sci-Fi, Thriller",21.0,5.4,major,5.763,2.1,3.663
100000000,83869818,6.243,5239,tt1571234,Mortal Engines,2018,"Action, Adventure, Fantasy",44.0,6.1,major,6.1715,4.4,1.7714999999999996
220000000,571125435,7.503,5223,tt9603212,Mission: Impossible - Dead Reckoning Part One,2023,"Action, Adventure, Thriller",81.0,7.6,major,7.5515,8.1,-0.5484999999999998
200000000,407200000,6.627,5158,tt4123432,Fantastic Beasts: The Secrets of Dumbledore,2022,"Adventure, Fantasy",47.0,6.2,major,6.4135,4.7,1.7134999999999998
10000000,259939869,6.565,5104,tt1502407,Halloween,2018,"Crime, Drama, Horror",67.0,6.5,major,6.532500000000001,6.7,-0.16749999999999954
220000000,271333313,6.621,5094,tt0439572,The Flash,2023,"Action, Adventure, Fantasy",55.0,6.6,major,6.6105,5.5,1.1105
115000000,164989338,6.295,5077,tt2381991,The Huntsman: Winter's War,2016,"Action, Adventure, Drama",35.0,6.1,major,6.1975,3.5,2.6975
50000000,133511855,6.901,5046,tt3532216,American Made,2017,"Action, Comedy, Crime",65.0,7.1,major,7.0005,6.5,0.5004999999999997
40000000,167300000,7.313,5033,tt2066051,Rocketman,2019,"Biography, Drama, Music",69.0,7.3,major,7.3065,6.9,0.4064999999999994
68000000,171932082,6.828,5016,tt10954984,Nope,2022,"Horror, Mystery, Sci-Fi",77.0,6.8,major,6.814,7.7,-0.8860000000000001
168000000,174287546,7.4,5014,tt12037194,Furiosa: A Mad Max Saga,2024,"Action, Adventure, Sci-Fi",79.0,7.5,major,7.45,7.9,-0.4500000000000002
45000000,72385286,7.147,4957,tt5606664,Doctor Sleep,2019,"Drama, Fantasy, Horror",59.0,7.3,major,7.2235,5.9,1.3234999999999992
18000000,90146510,6.322,4950,tt10954652,Old,2021,"Drama, Mystery, Thriller",55.0,5.8,major,6.061,5.5,0.5609999999999999
106000000,119520023,6.806,4836,tt3640424,Allied,2016,"Action, Drama, Romance",60.0,7.1,major,6.952999999999999,6.0,0.9529999999999994
151000000,208200000,7.357,4769,tt2906216,Dungeons & Dragons: Honor Among Thieves,2023,"Action, Adventure, Comedy",72.0,7.2,major,7.2785,7.2,0.07850000000000001
35000000,108007109,5.816,4657,tt4438848,Neighbors 2: Sorority Rising,2016,Comedy,58.0,5.7,major,5.758,5.8,-0.041999999999999815
310000000,462180717,6.604,4587,tt9218128,Gladiator II,2024,"Action, Adventure, Drama",64.0,6.4,major,6.502000000000001,6.4,0.10200000000000031
170000000,353284621,6.587,4550,tt3861390,Dumbo,2019,"Animation, Adventure, Family",51.0,6.2,major,6.3934999999999995,5.1,1.2934999999999999
30000000,1122066,7.268,4507,tt2222042,Love and Monsters,2020,"Action, Adventure, Comedy",63.0,6.9,major,7.084,6.3,0.7839999999999998
75000000,552976825,6.865,4471,tt2709692,The Grinch,2018,"Animation, Comedy, Family",51.0,6.4,major,6.6325,5.1,1.5325000000000006
125000000,634502312,7.039,4456,tt6166392,Wonka,2023,"Adventure, Comedy, Family",66.0,6.9,major,6.9695,6.6,0.3695000000000004
100000000,93900000,6.774,4420,tt1390411,In the Heart of the Sea,2015,"Action, Adventure, Biography",47.0,6.9,major,6.837,4.7,2.1369999999999996
30000000,34400000,6.774,4403,tt2080374,Steve Jobs,2015,"Biography, Drama",82.0,7.2,major,6.987,8.2,-1.2129999999999992
13000000,137056262,6.0,4259,tt6133466,The First Purge,2018,"Action, Horror, Sci-Fi",54.0,5.2,major,5.6,5.4,0.1999999999999993
150000000,163692228,6.638,4251,tt3554046,Space Jam: A New Legacy,2021,"Animation, Adventure, Comedy",36.0,4.5,major,5.569,3.6,1.9689999999999999
28000000,201634991,7.773,4231,tt1398426,Straight Outta Compton,2015,"Biography, Drama, History",72.0,7.8,major,7.7865,7.2,0.5865
17000000,217408513,6.675,4145,tt15474916,Smile,2022,"Horror, Mystery, Thriller",68.0,6.5,major,6.5875,6.8,-0.21249999999999947
68000000,55003890,5.411,4140,tt1389072,Downsizing,2017,"Drama, Fantasy, Sci-Fi",64.0,5.8,major,5.605499999999999,6.4,-0.7945000000000011
85000000,940203765,7.3,4061,tt5113044,Minions: The Rise of Gru,2022,"Animation, Adventure, Comedy",56.0,6.5,major,6.9,5.6,1.3000000000000007
129000000,398500317,6.376,4034,tt9224104,Meg 2: The Trench,2023,"Action, Adventure, Horror",40.0,5.0,major,5.688000000000001,4.0,1.6880000000000006
22000000,63647656,5.945,4035,tt0475290,"Hail, Caesar!",2016,"Comedy, Drama, Mystery",72.0,6.3,major,6.1225000000000005,7.2,-1.0774999999999997
50000000,69411370,7.277,3996,tt4172430,13 Hours,2016,"Action, Drama, History",48.0,7.3,major,7.2885,4.8,2.4885
30000000,238539198,7.053,3988,tt3104988,Crazy Rich Asians,2018,"Comedy, Drama, Romance",74.0,6.9,major,6.9765,7.4,-0.42350000000000065
24000000,138874789,6.685,3944,tt11245972,Scream,2022,"Horror, Mystery, Thriller",60.0,6.3,major,6.4925,6.0,0.4924999999999997
85000000,288670284,7.455,3941,tt3704428,Elvis,2022,"Biography, Drama, Music",64.0,7.3,major,7.3774999999999995,6.4,0.9774999999999991
175000000,251410631,6.576,3918,tt6673612,Dolittle,2020,"Adventure, Comedy, Family",26.0,5.6,major,6.087999999999999,2.6,3.487999999999999
125000000,181073291,6.958,3890,tt1684562,The Fall Guy,2024,"Action, Comedy, Drama",73.0,6.8,major,6.879,7.3,-0.42100000000000026
135000000,245623848,6.061,3839,tt3949660,Teenage Mutant Ninja Turtles: Out of the Shadows,2016,"Action, Adventure, Comedy",40.0,5.9,major,5.9805,4.0,1.9805000000000001
78000000,65267446,7.341,3834,tt10640346,Babylon,2022,"Comedy, Drama",61.0,7.1,major,7.2204999999999995,6.1,1.1204999999999998
10000000,61621140,7.2,3759,tt5001718,"Everything, Everything",2017,"Drama, Romance",52.0,6.3,major,6.75,5.2,1.5499999999999998
14000000,12400979,6.65,3727,tt8244784,The Hunt,2020,"Action, Horror, Thriller",50.0,6.6,major,6.625,5.0,1.625
9000000,64600152,6.321,3691,tt8155288,Happy Death Day 2U,2019,"Comedy, Horror, Mystery",57.0,6.2,major,6.2605,5.7,0.5605000000000002
140000000,195243411,6.289,3664,tt3691740,The BFG,2016,"Adventure, Family, Fantasy",66.0,6.3,major,6.294499999999999,6.6,-0.3055000000000003
45000000,0,5.639,3616,tt2548396,The Cloverfield Paradox,2018,"Horror, Sci-Fi, Thriller",37.0,5.5,major,5.5695,3.7,1.8694999999999995
205000000,440181226,6.518,3573,tt9663764,Aquaman and the Lost Kingdom,2023,"Action, Adventure, Fantasy",42.0,5.6,major,6.058999999999999,4.2,1.858999999999999
2800000,27365467,7.803,3564,tt4799066,Midnight Sun,2018,"Drama, Romance",38.0,6.6,major,7.201499999999999,3.8,3.4014999999999995
130000000,348807090,6.509,3491,tt5028340,Mary Poppins Returns,2018,"Adventure, Comedy, Family",66.0,6.7,major,6.6045,6.6,0.0045000000000001705
50000000,242786137,6.294,3468,tt1528854,Daddy's Home,2015,"Comedy, Family",42.0,6.2,major,6.247,4.2,2.0469999999999997
21000000,113118226,5.744,3459,tt0837563,Pet Sematary,2019,"Horror, Mystery, Thriller",57.0,5.7,major,5.7219999999999995,5.7,0.021999999999999353
67000000,261907653,6.644,3445,tt13433802,A Quiet Place: Day One,2024,"Drama, Horror, Sci-Fi",68.0,6.2,major,6.422000000000001,6.8,-0.3779999999999992
13500000,91542097,6.3,3419,tt8364368,Crawl,2019,"Action, Horror, Thriller",60.0,6.1,major,6.199999999999999,6.0,0.1999999999999993
50300000,0,7.414,3370,tt6048922,Greyhound,2020,"Drama, History, War",64.0,7.0,major,7.207,6.4,0.8069999999999995
80000000,429434163,6.954,3369,tt5113040,The Secret Life of Pets 2,2019,"Animation, Adventure, Comedy",55.0,6.4,major,6.677,5.5,1.1769999999999996
122000000,492162604,7.608,3365,tt18259086,Sonic the Hedgehog 3,2024,"Action, Adventure, Comedy",56.0,6.9,major,7.254,5.6,1.654
297000000,569626289,6.268,3358,tt5971474,The Little Mermaid,2023,"Adventure, Family, Fantasy",59.0,7.2,major,6.734,5.9,0.8339999999999996
100000000,972021410,7.0,3285,tt7510222,Despicable Me 4,2024,"Animation, Adventure, Comedy",52.0,6.2,major,6.6,5.2,1.3999999999999995
48000000,121000000,7.494,3266,tt7401588,Instant Family,2018,"Comedy, Drama",57.0,7.3,major,7.397,5.7,1.697
33000000,169063850,6.941,3265,tt17663992,Scream VI,2023,"Horror, Mystery, Thriller",61.0,6.4,major,6.6705000000000005,6.1,0.5705000000000009
99000000,452000435,6.931,3202,tt2049403,Beetlejuice Beetlejuice,2024,"Comedy, Fantasy, Horror",62.0,6.6,major,6.765499999999999,6.2,0.5654999999999992
10000000,172811971,6.264,3187,tt5726086,Insidious: The Last Key,2018,"Horror, Mystery, Thriller",49.0,5.7,major,5.982,4.9,1.0819999999999999
38000000,41657844,6.736,3173,tt4530422,Overlord,2018,"Action, Horror, Sci-Fi",60.0,6.6,major,6.667999999999999,6.0,0.6679999999999993
104000000,130788072,6.6,3172,tt9362930,Blue Beetle,2023,"Action, Adventure, Sci-Fi",61.0,5.9,major,6.25,6.1,0.15000000000000036
20000000,54700000,6.249,3141,tt15679400,Knock at the Cabin,2023,"Horror, Mystery, Thriller",63.0,6.1,major,6.1745,6.3,-0.12549999999999972
150000000,758827029,6.911,3134,tt1262426,Wicked,2024,"Fantasy, Musical, Romance",73.0,7.4,major,7.1555,7.3,-0.14449999999999985
155000000,372262265,6.773,3066,tt12584954,Twisters,2024,"Action, Adventure, Thriller",65.0,6.5,major,6.6365,6.5,0.13649999999999984
75000000,18500000,7.028,3056,tt9848626,Hotel Transylvania 4: Transformania,2022,"Animation, Adventure, Comedy",46.0,6.0,major,6.513999999999999,4.6,1.9139999999999997
60000000,4810790,7.389,3011,tt4823776,The SpongeBob Movie: Sponge on the Run,2020,"Animation, Adventure, Comedy",65.0,5.9,major,6.644500000000001,6.5,0.14450000000000074
0,29303571,6.332,3008,tt0805647,The Witches,2020,"Adventure, Family, Fantasy",47.0,5.4,major,5.866,4.7,1.1659999999999995
50000000,71561644,6.434,3003,tt2199571,Run All Night,2015,"Action, Crime, Thriller",59.0,6.6,major,6.5169999999999995,5.9,0.6169999999999991
190000000,207500287,5.406,2983,tt11315808,Joker: Folie à Deux,2024,"Drama, Musical, Thriller",45.0,5.2,major,5.303,4.5,0.8029999999999999
75000000,197744825,7.296,2938,tt4575576,Christopher Robin,2018,"Adventure, Comedy, Drama",60.0,7.2,major,7.248,6.0,1.2480000000000002
12000000,33200000,6.793,2893,tt2436386,Project Almanac,2015,"Drama, Mystery, Sci-Fi",47.0,6.4,major,6.596500000000001,4.7,1.8965000000000005
50000000,39400000,7.601,2889,tt9620288,King Richard,2021,"Biography, Drama, Sport",76.0,7.5,major,7.5504999999999995,7.6,-0.0495000000000001
150000000,128388320,5.958,2869,tt3332064,Pan,2015,"Action, Adventure, Comedy",36.0,5.7,major,5.829000000000001,3.6,2.2290000000000005
30000000,29942746,6.357,2865,tt10016180,The Little Things,2021,"Crime, Drama, Mystery",54.0,6.3,major,6.3285,5.4,0.9284999999999997
24000000,64400000,6.894,2832,tt2671706,Fences,2016,Drama,79.0,7.2,major,7.047000000000001,7.9,-0.8529999999999998
0,0,6.9,2762,tt0499097,Without Remorse,2021,"Action, Drama, Thriller",41.0,5.8,major,6.35,4.1,2.25
69000000,180613180,6.306,2759,tt5657846,Daddy's Home 2,2017,Comedy,30.0,6.1,major,6.202999999999999,3.0,3.2029999999999994
45000000,33900000,7.416,2756,tt3513548,Richard Jewell,2019,"Biography, Crime, Drama",68.0,7.5,major,7.458,6.8,0.6580000000000004
35000000,140795793,5.785,2737,tt3152624,Trainwreck,2015,"Comedy, Drama, Romance",75.0,6.2,major,5.9925,7.5,-1.5075000000000003
200000000,722631756,7.303,2721,tt13186482,Mufasa: The Lion King,2024,"Animation, Adventure, Drama",56.0,6.6,major,6.951499999999999,5.6,1.3514999999999997
18000000,76994245,6.9,2706,tt10327252,The Forever Purge,2021,"Action, Crime, Drama",53.0,5.4,major,6.15,5.3,0.8500000000000005
30000000,121600000,7.196,2656,tt8623904,Last Christmas,2019,"Comedy, Drama, Fantasy",50.0,6.5,major,6.848,5.0,1.8479999999999999
9000000,81831866,6.161,2653,tt4361050,Ouija: Origin of Evil,2016,"Drama, Horror, Mystery",65.0,6.2,major,6.1805,6.5,-0.3194999999999997
25000000,83080890,5.024,2634,tt0498381,Rings,2017,"Drama, Horror, Mystery",25.0,4.5,major,4.7620000000000005,2.5,2.2620000000000005
175000000,0,6.478,2623,tt2388771,Mowgli: Legend of the Jungle,2018,"Adventure, Drama, Fantasy",51.0,6.5,major,6.489,5.1,1.3890000000000002
50000000,136536687,6.729,2592,tt1361336,Tom & Jerry,2021,"Animation, Adventure, Comedy",32.0,5.3,major,6.0145,3.2,2.8145
20000000,75734910,7.217,2588,tt12003946,Violent Night,2022,"Action, Comedy, Thriller",55.0,6.7,major,6.9585,5.5,1.4585
74000000,325186032,6.11,2566,tt2279373,The SpongeBob Movie: Sponge Out of Water,2015,"Animation, Adventure, Comedy",62.0,6.0,major,6.055,6.2,-0.14500000000000046
70000000,182379278,6.68,2542,tt4624424,Storks,2016,"Animation, Adventure, Comedy",56.0,6.8,major,6.74,5.6,1.1400000000000006
30000000,21418477,6.891,2532,tt27403986,Juror #2,2024,"Crime, Drama, Mystery",72.0,7.0,major,6.9455,7.2,-0.25450000000000017
25000000,50401502,7.85,2517,tt4916630,Just Mercy,2019,"Biography, Crime, Drama",68.0,7.6,major,7.725,6.8,0.9249999999999998
40000000,52303589,6.62,2488,tt4998632,Ambulance,2022,"Action, Crime, Drama",55.0,6.1,major,6.359999999999999,5.5,0.8599999999999994
32500000,88314672,5.989,2479,tt14209916,Cocaine Bear,2023,"Comedy, Crime, Thriller",54.0,5.9,major,5.9445,5.4,0.5444999999999993
15000000,61800000,6.2,2419,tt3850590,Krampus,2015,"Comedy, Fantasy, Horror",49.0,6.2,major,6.2,4.9,1.2999999999999998
60000000,0,6.331,2414,tt6802400,Coming 2 America,2021,"Comedy, Music",52.0,5.3,major,5.8155,5.2,0.6154999999999999
50000000,56722693,4.928,2406,tt1608290,Zoolander 2,2016,"Action, Adventure, Comedy",34.0,4.7,major,4.814,3.4,1.4140000000000001
35000000,43203413,5.217,2396,tt1758810,The Snowman,2017,"Crime, Drama, Horror",23.0,5.2,major,5.2085,2.3,2.9085
6500000,48021766,6.205,2334,tt10039344,Countdown,2019,"Horror, Thriller",31.0,5.4,major,5.8025,3.1,2.7025
0,0,8.137,2327,tt5116302,Togo,2019,"Adventure, Biography, Drama",69.0,7.9,major,8.0185,6.9,1.1184999999999992
72000000,298776052,7.358,2280,tt6495056,Migration,2023,"Animation, Adventure, Comedy",56.0,6.6,major,6.978999999999999,5.6,1.3789999999999996
25000000,53918723,6.737,2262,tt6850820,Peppermint,2018,"Action, Thriller",29.0,6.5,major,6.6185,2.9,3.7185
120000000,173961069,6.082,2257,tt5523010,The Nutcracker and the Four Realms,2018,"Adventure, Family, Fantasy",39.0,5.6,major,5.840999999999999,3.9,1.9409999999999994
28000000,138128854,6.587,2244,tt29268110,Smile 2,2024,"Horror, Mystery, Thriller",67.0,6.7,major,6.6434999999999995,6.7,-0.05650000000000066
28000000,130560428,6.321,2219,tt6359956,A Bad Moms Christmas,2017,Comedy,42.0,5.6,major,5.9605,4.2,1.7604999999999995
65000000,26493921,6.444,2178,tt11358390,Renfield,2023,"Action, Comedy, Fantasy",53.0,6.4,major,6.422000000000001,5.3,1.1220000000000008
0,0,6.557,2177,tt6654210,Infinite,2021,"Action, Sci-Fi, Thriller",28.0,5.5,major,6.0285,2.8,3.2285000000000004
15000000,14900000,6.584,2154,tt1727776,Scouts Guide to the Zombie Apocalypse,2015,"Action, Comedy, Horror",32.0,6.3,major,6.442,3.2,3.242
32000000,94539426,6.381,2136,tt6791096,I Feel Pretty,2018,"Comedy, Romance",48.0,5.7,major,6.0405,4.8,1.2405
28000000,43015969,6.658,2135,tt27489557,Abigail,2024,"Action, Comedy, Crime",62.0,6.5,major,6.579000000000001,6.2,0.37900000000000045
18000000,7112282,6.255,2069,tt2649554,Midnight Special,2016,"Drama, Mystery, Sci-Fi",76.0,6.6,major,6.4275,7.6,-1.1724999999999994
33000000,105400796,6.022,2053,tt10665342,Halloween Ends,2022,"Horror, Mystery, Romance",47.0,5.0,major,5.511,4.7,0.8109999999999999
58000000,782837347,7.624,32966,tt1431045,Deadpool,2016,"Action, Comedy, Sci-Fi",65.0,8.0,indie,7.811999999999999,6.5,1.3119999999999994
300000000,2052415039,8.2,32384,tt4154756,Avengers: Infinity War,2018,"Action, Adventure, Sci-Fi",68.0,8.4,indie,8.3,6.8,1.5000000000000009
356000000,2799439100,8.239,28126,tt4154796,Avengers: Endgame,2019,"Action, Adventure, Sci-Fi",78.0,8.4,indie,8.319500000000001,7.8,0.5195000000000016
235000000,1405403694,7.275,24663,tt2395427,Avengers: Age of Ultron,2015,"Action, Adventure, Sci-Fi",66.0,7.3,indie,7.2875,6.6,0.6875
250000000,1155046416,7.45,24210,tt3498820,Captain America: Civil War,2016,"Action, Sci-Fi",75.0,7.8,indie,7.625,7.5,0.125
200000000,1349926083,7.364,23662,tt1825683,Black Panther,2018,"Action, Adventure, Sci-Fi",88.0,7.3,indie,7.332,8.8,-1.4680000000000009
175000000,857611174,7.908,23652,tt2096673,Inside Out,2015,"Animation, Adventure, Comedy",94.0,8.1,indie,8.004,9.4,-1.3960000000000008
180000000,676343174,7.424,23602,tt1211837,Doctor Strange,2016,"Action, Adventure, Fantasy",72.0,7.5,indie,7.462,7.2,0.26199999999999957
175000000,880978185,7.331,23392,tt2250912,Spider-Man: Homecoming,2017,"Action, Adventure, Sci-Fi",73.0,7.4,indie,7.365500000000001,7.3,0.065500000000001
200000000,863756051,7.61,23113,tt3896198,Guardians of the Galaxy: Vol. 2,2017,"Action, Adventure, Comedy",67.0,7.6,indie,7.605,6.7,0.9050000000000002
200000000,1921206586,7.9,22331,tt10872600,Spider-Man: No Way Home,2021,"Action, Adventure, Fantasy",71.0,8.1,indie,8.0,7.1,0.9000000000000004
180000000,855301806,7.583,22190,tt3501632,Thor: Ragnarok,2017,"Action, Adventure, Comedy",74.0,7.9,indie,7.7415,7.4,0.3414999999999999
108000000,631058917,7.706,21507,tt3659388,The Martian,2015,"Adventure, Drama, Sci-Fi",80.0,8.0,indie,7.853,8.0,-0.14700000000000024
175000000,814641172,8.198,21169,tt2380307,Coco,2017,"Animation, Adventure, Drama",81.0,8.4,indie,8.299,8.1,0.19899999999999984
130000000,519311965,7.067,21006,tt0478970,Ant-Man,2015,"Action, Comedy, Sci-Fi",64.0,7.2,indie,7.1335,6.4,0.7334999999999994
11363000,257591776,8.5,20948,tt6751668,Parasite,2019,"Drama, Thriller",97.0,8.5,indie,8.5,9.7,-1.1999999999999993
245000000,2068223624,7.248,20687,tt2488496,Star Wars: Episode VII - The Force Awakens,2015,"Action, Adventure, Sci-Fi",80.0,7.7,indie,7.474,8.0,-0.5259999999999998
97000000,619021436,7.822,20573,tt3315342,Logan,2017,"Action, Drama, Sci-Fi",77.0,8.1,indie,7.961,7.7,0.2610000000000001
35000000,719766009,7.24,20475,tt1396484,It,2017,Horror,69.0,7.3,indie,7.27,6.9,0.3699999999999992
47000000,203388186,7.631,19583,tt2543164,Arrival,2016,"Drama, Mystery, Sci-Fi",81.0,7.9,indie,7.7655,8.1,-0.33449999999999935
135000000,532950503,7.541,19484,tt1663202,The Revenant,2016,"Action, Drama, Western",76.0,8.0,indie,7.7705,7.6,0.17050000000000054
110000000,785896632,7.491,19404,tt5463162,Deadpool 2,2018,"Action, Adventure, Comedy",66.0,7.6,indie,7.5455,6.6,0.9455
4500000,255407969,7.624,19084,tt5052448,Get Out,2017,"Horror, Mystery, Thriller",85.0,7.8,indie,7.712,8.5,-0.7880000000000003
9000000,278454358,7.342,18456,tt4972582,Split,2016,"Horror, Thriller",63.0,7.3,indie,7.321,6.3,1.021
150000000,1025521689,7.8,18307,tt2948356,Zootopia,2016,"Animation, Action, Adventure",78.0,8.0,indie,7.9,7.8,0.10000000000000053
30000000,509183536,7.898,18262,tt3783958,La La Land,2016,"Comedy, Drama, Music",94.0,8.0,indie,7.949,9.4,-1.4510000000000005
81000000,414351546,7.62,17943,tt2802144,Kingsman: The Secret Service,2015,"Action, Adventure, Comedy",60.0,7.7,indie,7.66,6.0,1.6600000000000001
52000000,910813521,7.955,17884,tt1727824,Bohemian Rhapsody,2018,"Biography, Drama, Music",49.0,7.9,indie,7.9275,4.9,3.0275
90000000,394884133,8.393,17484,tt4633694,Spider-Man: Into the Spider-Verse,2018,"Animation, Action, Adventure",87.0,8.4,indie,8.3965,8.7,-0.30349999999999966
116000000,856085151,6.825,17376,tt1270797,Venom,2018,"Action, Adventure, Sci-Fi",35.0,6.6,indie,6.7125,3.5,3.2125000000000004
160000000,1132723226,7.396,17181,tt6320628,Spider-Man: Far from Home,2019,"Action, Adventure, Comedy",69.0,7.3,indie,7.348,6.9,0.4479999999999995
34000000,226945087,7.443,16978,tt3890160,Baby Driver,2017,"Action, Crime, Drama",86.0,7.5,indie,7.4715,8.6,-1.1284999999999998
152000000,1131416446,6.778,16895,tt4154664,Captain Marvel,2019,"Action, Adventure, Sci-Fi",64.0,6.7,indie,6.739,6.4,0.3389999999999995
200000000,1056057273,7.509,16550,tt3748528,Rogue One: A Star Wars Story,2016,"Action, Adventure, Sci-Fi",65.0,7.8,indie,7.6545000000000005,6.5,1.1545000000000005
300000000,1334407706,6.747,16471,tt2527336,Star Wars: Episode VIII - The Last Jedi,2017,"Action, Adventure, Fantasy",84.0,6.8,indie,6.7735,8.4,-1.6265
44000000,155760117,7.756,15421,tt3460252,The Hateful Eight,2015,"Crime, Drama, Mystery",68.0,7.8,indie,7.7780000000000005,6.8,0.9780000000000006
150000000,259239658,7.598,15362,tt1856101,Blade Runner 2049,2017,"Action, Drama, Mystery",81.0,8.0,indie,7.7989999999999995,8.1,-0.30100000000000016
165000000,410668500,7.783,15182,tt1160419,Dune: Part One,2021,"Action, Adventure, Drama",74.0,8.0,indie,7.891500000000001,7.4,0.49150000000000027
40000000,175302354,8.193,15035,tt2119532,Hacksaw Ridge,2016,"Biography, Drama, History",71.0,8.1,indie,8.1465,7.1,1.0465
95000000,393869691,7.422,15016,tt7131622,Once Upon a Time... in Hollywood,2019,"Comedy, Drama",84.0,7.6,indie,7.510999999999999,8.4,-0.8890000000000011
90000000,995339117,6.821,14624,tt2283362,Jumanji: Welcome to the Jungle,2017,"Action, Adventure, Comedy",58.0,6.9,indie,6.8605,5.8,1.0605000000000002
40000000,171539887,7.342,14415,tt4425200,John Wick: Chapter 2,2017,"Action, Crime, Thriller",75.0,7.4,indie,7.371,7.5,-0.12899999999999956
15000000,36869414,7.571,14404,tt0470752,Ex Machina,2014,"Drama, Sci-Fi, Thriller",78.0,7.7,indie,7.6355,7.8,-0.16449999999999942
460000000,2334484620,7.593,14400,tt1630029,Avatar: The Way of Water,2022,"Animation, Action, Adventure",67.0,7.5,indie,7.5465,6.7,0.8464999999999998
110000000,303144152,6.957,14347,tt1355644,Passengers,2016,"Drama, Romance, Sci-Fi",41.0,7.0,indie,6.9785,4.1,2.8785000000000007
140000000,622674139,6.902,14298,tt5095030,Ant-Man and the Wasp,2018,"Action, Adventure, Comedy",70.0,7.0,indie,6.9510000000000005,7.0,-0.04899999999999949
40000000,312897920,7.84,14216,tt8946378,Knives Out,2019,"Comedy, Crime, Drama",82.0,7.9,indie,7.87,8.2,-0.3299999999999992
178000000,543934787,6.527,13894,tt3385516,X-Men: Apocalypse,2016,"Action, Adventure, Sci-Fi",52.0,6.8,indie,6.6635,5.2,1.4634999999999998
150000000,690860472,7.565,13868,tt3521164,Moana,2016,"Animation, Adventure, Comedy",81.0,7.6,indie,7.5825,8.1,-0.5175000000000001
200000000,1243225667,7.454,13793,tt3606756,Incredibles 2,2018,"Animation, Action, Adventure",80.0,7.5,indie,7.477,8.0,-0.5229999999999997
100000000,446064352,7.985,13692,tt8579674,1917,2020,"Action, Drama, War",78.0,8.2,indie,8.0925,7.8,0.29249999999999954
160000000,653428261,6.902,13449,tt1951266,The Hunger Games: Mockingjay - Part 2,2015,"Action, Adventure, Sci-Fi",65.0,6.6,indie,6.7509999999999994,6.5,0.25099999999999945
20000000,207945075,7.929,13410,tt2674426,Me Before You,2016,"Drama, Romance",51.0,7.4,indie,7.6645,5.1,2.5645000000000007
23000000,321752656,8.225,13031,tt6966692,Green Book,2018,"Biography, Comedy, Drama",69.0,8.2,indie,8.212499999999999,6.9,1.3124999999999982
19500000,195300000,7.236,12948,tt5580390,The Shape of Water,2017,"Drama, Fantasy, Romance",87.0,7.3,indie,7.268,8.7,-1.4319999999999995
3500000,43143046,8.086,12846,tt5726616,Call Me by Your Name,2017,"Drama, Romance",94.0,7.8,indie,7.943,9.4,-1.4570000000000007
200000000,1029266989,7.042,12737,tt2277860,Finding Dory,2016,"Animation, Adventure, Comedy",77.0,7.2,indie,7.121,7.7,-0.5789999999999997
7500000,405320132,8.481,12731,tt5311514,Your Name.,2016,"Animation, Drama, Fantasy",81.0,8.4,indie,8.4405,8.1,0.34050000000000047
55000000,328349908,7.4,11886,tt6146586,John Wick: Chapter 3 - Parabellum,2019,"Action, Crime, Drama",73.0,7.4,indie,7.4,7.3,0.10000000000000053
120000000,334897606,6.826,11684,tt3110958,Now You See Me 2,2016,"Action, Adventure, Comedy",46.0,6.4,indie,6.6129999999999995,4.6,2.013
150000000,121977511,8.09,11559,tt2948372,Soul,2020,"Animation, Adventure, Comedy",83.0,8.0,indie,8.045,8.3,-0.2550000000000008
200000000,379751131,7.162,11375,tt3480822,Black Widow,2021,"Action, Adventure, Sci-Fi",68.0,6.6,indie,6.881,6.8,0.0810000000000004
245000000,880707597,6.571,11343,tt2379713,Spectre,2015,"Action, Adventure, Thriller",60.0,6.8,indie,6.685499999999999,6.0,0.6854999999999993
110000000,506863592,6.74,11265,tt7097896,Venom: Let There Be Carnage,2021,"Animation, Action, Adventure",49.0,5.9,indie,6.32,4.9,1.42
185000000,566652812,6.556,11225,tt3731562,Kong: Skull Island,2017,"Action, Adventure, Fantasy",62.0,6.7,indie,6.628,6.2,0.42799999999999994
104000000,410902662,6.946,11224,tt4649466,Kingsman: The Golden Circle,2017,"Action, Adventure, Comedy",44.0,6.7,indie,6.823,4.4,2.423
61000000,312296056,6.731,11134,tt4046784,Maze Runner: The Scorch Trials,2015,"Action, Adventure, Sci-Fi",43.0,6.3,indie,6.515499999999999,4.3,2.2154999999999996
15000000,162729321,8.053,11024,tt5027774,"Three Billboards Outside Ebbing, Missouri",2017,"Comedy, Crime, Drama",88.0,8.1,indie,8.0765,8.8,-0.7235000000000014
489900000,1074144248,6.262,10960,tt2527338,Star Wars: Episode IX - The Rise of Skywalker,2019,"Action, Adventure, Fantasy",53.0,6.3,indie,6.281,5.3,0.9809999999999999
175000000,1073841394,7.464,10787,tt1979376,Toy Story 4,2019,"Animation, Adventure, Comedy",84.0,7.6,indie,7.532,8.4,-0.8680000000000003
200000000,470116094,7.531,10714,tt5034838,Godzilla vs. Kong,2021,"Action, Sci-Fi, Thriller",59.0,6.3,indie,6.9155,5.9,1.0154999999999994
19800000,0,6.826,10692,tt2737304,Bird Box,2018,"Horror, Mystery, Sci-Fi",51.0,6.6,indie,6.712999999999999,5.1,1.6129999999999995
55000000,352800000,6.707,10619,tt3402236,Murder on the Orient Express,2017,"Comedy, Crime, Drama",52.0,6.5,indie,6.6035,5.2,1.4035000000000002
110000000,296482446,6.84,10544,tt1935859,Miss Peregrine's Home for Peculiar Children,2016,"Adventure, Drama, Family",57.0,6.7,indie,6.77,5.7,1.0699999999999994
25000000,235957472,8.045,10533,tt4846340,Hidden Figures,2016,"Biography, Drama, History",74.0,7.8,indie,7.922499999999999,7.4,0.5224999999999991
150000000,432243292,7.492,10529,tt9376612,Shang-Chi and the Legend of the Ten Rings,2021,"Action, Adventure, Fantasy",71.0,7.3,indie,7.396,7.1,0.29600000000000026
14000000,82468705,7.98,10527,tt2584384,Jojo Rabbit,2019,"Comedy, Drama, War",58.0,7.9,indie,7.94,5.8,2.1400000000000006
295400000,955775804,7.231,10519,tt9419884,Doctor Strange in the Multiverse of Madness,2022,"Action, Adventure, Fantasy",60.0,6.9,indie,7.0655,6.0,1.0655000000000001
110000000,297002527,6.36,10506,tt2908446,The Divergent Series: Insurgent,2015,"Action, Adventure, Romance",42.0,6.2,indie,6.28,4.2,2.08
150000000,1453683476,7.229,10361,tt4520988,Frozen II,2019,"Animation, Adventure, Comedy",64.0,6.8,indie,7.0145,6.4,0.6144999999999996
80000000,367799011,6.974,10305,tt0448115,Shazam!,2019,"Action, Adventure, Comedy",71.0,7.0,indie,6.987,7.1,-0.11299999999999955
150000000,261292688,7.567,10291,tt2953050,Encanto,2021,"Animation, Comedy, Family",75.0,7.2,indie,7.3835,7.5,-0.11650000000000027
170000000,405000000,7.268,10193,tt0437086,Alita: Battle Angel,2019,"Action, Adventure, Sci-Fi",53.0,7.3,indie,7.284,5.3,1.984
84000000,459066134,7.857,10129,tt1485796,The Greatest Showman,2017,"Biography, Drama, Musical",48.0,7.5,indie,7.6785,4.8,2.8785
110000000,331526598,7.446,9967,tt6264654,Free Guy,2021,"Action, Adventure, Comedy",62.0,7.1,indie,7.273,6.2,1.0729999999999995
150000000,490719763,7.221,9813,tt3450958,War for the Planet of the Apes,2017,"Action, Adventure, Drama",82.0,7.4,indie,7.3105,8.2,-0.8894999999999991
13000000,35401758,7.99,9748,tt3170832,Room,2015,"Drama, Thriller",86.0,8.1,indie,8.045,8.6,-0.5549999999999997
79000000,473123154,6.837,9725,tt7349950,It: Chapter Two,2019,"Drama, Fantasy, Horror",58.0,6.5,indie,6.6685,5.8,0.8685
30000000,84997446,7.423,9691,tt3397884,Sicario,2015,"Action, Crime, Drama",82.0,7.7,indie,7.5615000000000006,8.2,-0.6384999999999987
0,9458590,6.992,9558,tt10886166,365 Days,2020,"Drama, Romance",,3.3,indie,5.146,,
97000000,240891763,6.182,9530,tt2316204,Alien: Covenant,2017,"Horror, Sci-Fi, Thriller",65.0,6.4,indie,6.291,6.5,-0.20899999999999963
75000000,791863,7.06,9482,tt11286314,Don't Look Up,2021,"Comedy, Drama, Sci-Fi",49.0,7.1,indie,7.08,4.9,2.1799999999999997
125000000,801693929,6.872,9462,tt7975244,Jumanji: The Next Level,2019,"Action, Adventure, Comedy",58.0,6.6,indie,6.736,5.8,0.9359999999999999
250000000,392952373,6.6,9364,tt3778644,Solo: A Star Wars Story,2018,"Action, Adventure, Sci-Fi",62.0,6.9,indie,6.75,6.2,0.5499999999999998
40000000,322819915,7.294,9289,tt3065204,The Conjuring 2,2016,"Horror, Mystery, Thriller",65.0,7.3,indie,7.297,6.5,0.7969999999999997
200000000,402064899,6.8,9256,tt9032400,Eternals,2021,"Action, Adventure, Fantasy",52.0,6.2,indie,6.5,5.2,1.2999999999999998
20000000,246999039,6.665,9161,tt6823368,Glass,2019,"Drama, Fantasy, Horror",43.0,6.6,indie,6.6325,4.3,2.3325000000000005
97600000,225508210,8.008,9121,tt1950186,Ford v Ferrari,2019,"Action, Biography, Drama",81.0,8.1,indie,8.053999999999998,8.1,-0.04600000000000115
10000000,79000000,7.251,9082,tt4925292,Lady Bird,2017,"Comedy, Drama",93.0,7.4,indie,7.3255,9.3,-1.9745000000000008
90000000,484700000,8.212,9045,tt3915174,Puss in Boots: The Last Wish,2022,"Animation, Action, Adventure",73.0,7.8,indie,8.006,7.3,0.7060000000000004
200000000,51074773,7.779,9019,tt12801262,Luca,2021,"Animation, Adventure, Comedy",71.0,7.4,indie,7.5895,7.1,0.4895000000000005
200000000,1338073645,7.581,9011,tt6263850,Deadpool & Wolverine,2024,"Action, Adventure, Comedy",56.0,7.5,indie,7.5405,5.6,1.9405000000000001
20000000,98690254,7.811,8862,tt1895587,Spotlight,2015,"Biography, Crime, Drama",93.0,8.1,indie,7.9555,9.3,-1.344500000000001
100000000,690897910,8.339,8853,tt9362722,Spider-Man: Across the Spider-Verse,2023,"Animation, Action, Adventure",86.0,8.5,indie,8.4195,8.6,-0.18050000000000033
90000000,426505244,7.113,8807,tt1502397,Bad Boys for Life,2020,"Action, Comedy, Crime",59.0,6.5,indie,6.8065,5.9,0.9064999999999994
15000000,110216998,7.006,8779,tt1179933,10 Cloverfield Lane,2016,"Drama, Horror, Sci-Fi",76.0,7.2,indie,7.103,7.6,-0.4969999999999999
50000000,71261763,7.132,8762,tt3799694,The Nice Guys,2016,"Action, Comedy, Crime",70.0,7.4,indie,7.266,7.0,0.266
0,0,7.593,8737,tt3846674,To All the Boys I've Loved Before,2018,"Comedy, Drama, Romance",64.0,7.0,indie,7.2965,6.4,0.8964999999999996
10000000,87796204,7.293,8735,tt7784604,Hereditary,2018,"Drama, Horror, Mystery",87.0,7.3,indie,7.2965,8.7,-1.4034999999999993
250000000,760928081,6.368,8698,tt10648342,Thor: Love and Thunder,2022,"Action, Adventure, Comedy",57.0,6.1,indie,6.234,5.7,0.5339999999999998
49000000,104399548,6.79,8552,tt1823672,Chappie,2015,"Action, Crime, Drama",41.0,6.8,indie,6.795,4.1,2.6950000000000003
14000000,69497587,7.104,8544,tt4126476,After,2019,"Drama, Romance",30.0,5.3,indie,6.202,3.0,3.202
250000000,845550000,7.931,8537,tt6791350,Guardians of the Galaxy Vol. 3,2023,"Action, Adventure, Comedy",64.0,7.9,indie,7.9155,6.4,1.5154999999999994
8500000,87547518,7.753,8519,tt5700672,Train to Busan,2016,"Action, Horror, Thriller",73.0,7.6,indie,7.6765,7.3,0.37650000000000006
16000000,57512470,7.872,8501,tt7888964,Nobody,2021,"Action, Crime, Drama",64.0,7.4,indie,7.636,6.4,1.2359999999999998
75000000,634151679,7.125,8494,tt3470600,Sing,2016,"Animation, Comedy, Family",59.0,7.1,indie,7.1125,5.9,1.2124999999999995
62000000,288418190,7.08,8488,tt4500922,Maze Runner: The Death Cure,2018,"Action, Adventure, Sci-Fi",50.0,6.3,indie,6.6899999999999995,5.0,1.6899999999999995
22500000,29300000,7.409,8344,tt4550098,Nocturnal Animals,2016,"Drama, Thriller",67.0,7.4,indie,7.4045000000000005,6.7,0.7045000000000003
20000000,315025930,8.104,8316,tt2543472,Wonder,2017,"Drama, Family",66.0,7.9,indie,8.001999999999999,6.6,1.4019999999999992
190000000,714844358,8.13,8247,tt15239678,Dune: Part Two,2024,"Action, Adventure, Drama",79.0,8.4,indie,8.265,7.9,0.3650000000000002
9000000,48498408,7.148,8235,tt8772262,Midsommar,2019,"Drama, Horror, Mystery",72.0,7.1,indie,7.124,7.2,-0.07600000000000051
175000000,529323962,7.158,8179,tt5848272,Ralph Breaks the Internet,2018,"Animation, Adventure, Comedy",71.0,7.0,indie,7.079000000000001,7.1,-0.02099999999999902
125000000,240700000,5.4,8174,tt2094766,Assassin's Creed,2016,"Action, Adventure, Sci-Fi",36.0,5.6,indie,5.5,3.6,1.9
25000000,139200000,7.714,8172,tt6710474,Everything Everywhere All at Once,2022,"Action, Adventure, Comedy",81.0,7.7,indie,7.707000000000001,8.1,-0.3929999999999989
15000000,93411426,7.488,8159,tt7349662,BlacKkKlansman,2018,"Biography, Comedy, Crime",83.0,7.5,indie,7.494,8.3,-0.8060000000000009
177200000,225973340,6.654,8112,tt2239822,Valerian and the City of a Thousand Planets,2017,"Animation, Action, Adventure",51.0,6.4,indie,6.527,5.1,1.4270000000000005
88000000,244874809,5.784,8109,tt2120120,Pixels,2015,"Action, Adventure, Comedy",27.0,5.6,indie,5.692,2.7,2.992
100000000,447316405,7.711,8107,tt10366206,John Wick: Chapter 4,2023,"Action, Crime, Thriller",78.0,7.6,indie,7.6555,7.8,-0.14449999999999985
9900000,158906350,7.014,8051,tt4160708,Don't Breathe,2016,"Crime, Horror, Thriller",71.0,7.1,indie,7.057,7.1,-0.04299999999999926
37000000,173600000,7.407,8032,tt3076658,Creed,2015,"Action, Drama, Sport",82.0,7.6,indie,7.5035,8.2,-0.6964999999999995
58000000,100541806,6.459,8001,tt5442430,Life,2017,"Horror, Sci-Fi, Thriller",54.0,6.6,indie,6.5295,5.4,1.1294999999999993
1203235,1090116,6.969,7895,tt8228288,The Platform,2019,"Horror, Mystery, Sci-Fi",73.0,7.0,indie,6.984500000000001,7.3,-0.3154999999999992
65000000,0,7.658,7836,tt11866324,Prey,2022,"Action, Adventure, Horror",71.0,7.1,indie,7.379,7.1,0.2789999999999999
19000000,140705322,5.755,7764,tt1700841,Sausage Party,2016,"Animation, Adventure, Comedy",66.0,6.1,indie,5.9275,6.6,-0.6724999999999994
4000000,40423945,7.0,7750,tt4263482,The Witch,2016,"Drama, Fantasy, Horror",84.0,7.0,indie,7.0,8.4,-1.4000000000000004
90000000,239268602,7.4,7695,tt12593682,Bullet Train,2022,"Action, Comedy, Thriller",49.0,7.3,indie,7.35,4.9,2.4499999999999993
120000000,428028233,6.469,7630,tt2231461,Rampage,2018,"Action, Adventure, Sci-Fi",45.0,6.1,indie,6.2844999999999995,4.5,1.7844999999999995
4000000,65046687,7.357,7594,tt4975722,Moonlight,2016,Drama,99.0,7.4,indie,7.378500000000001,9.9,-2.5214999999999996
159000000,968853,7.575,7594,tt1302006,The Irishman,2019,"Biography, Crime, Drama",94.0,7.8,indie,7.6875,9.4,-1.7125000000000004
250000000,859102154,7.004,7588,tt9114286,Black Panther: Wakanda Forever,2022,"Action, Adventure, Drama",67.0,6.6,indie,6.802,6.7,0.10199999999999942
125000000,527965936,6.454,7513,tt3874544,The Boss Baby,2017,"Animation, Adventure, Comedy",50.0,6.3,indie,6.377,5.0,1.3769999999999998
0,0,7.16,7492,tt3799232,The Kissing Booth,2018,"Comedy, Romance",,5.9,indie,6.53,,
18000000,333686,7.732,7475,tt7653254,Marriage Story,2019,"Drama, Romance",94.0,7.9,indie,7.816000000000001,9.4,-1.5839999999999996
150000000,450063166,6.903,7414,tt5884052,Pokémon: Detective Pikachu,2019,"Adventure, Comedy, Family",53.0,6.5,indie,6.701499999999999,5.3,1.4014999999999995
100000000,130423032,7.799,7355,tt5109280,Raya and the Last Dragon,2021,"Animation, Action, Adventure",74.0,7.3,indie,7.5495,7.4,0.14949999999999974
160000000,433677183,6.409,7348,tt0803096,Warcraft,2016,"Action, Adventure, Fantasy",32.0,6.7,indie,6.5545,3.2,3.3545
40000000,165478348,7.243,7329,tt3682448,Bridge of Spies,2015,"Drama, History, Thriller",81.0,7.6,indie,7.4215,8.1,-0.6784999999999997
87500000,127461872,6.134,7301,tt2935510,Ad Astra,2019,"Adventure, Drama, Mystery",80.0,6.5,indie,6.317,8.0,-1.6829999999999998
250000000,774153024,7.34,7241,tt2382320,No Time to Die,2021,"Action, Adventure, Thriller",68.0,7.3,indie,7.32,6.8,0.5200000000000005
22000000,366082797,5.909,7237,tt5814060,The Nun,2018,"Horror, Mystery, Thriller",46.0,5.4,indie,5.6545000000000005,4.6,1.0545000000000009
129000000,539987993,7.755,7195,tt2386490,How to Train Your Dragon: The Hidden World,2019,"Animation, Action, Adventure",71.0,7.4,indie,7.577500000000001,7.1,0.4775000000000009
200000000,252442974,5.968,7162,tt6565702,X-Men: Dark Phoenix,2019,"Action, Adventure, Sci-Fi",43.0,5.7,indie,5.834,4.3,1.5339999999999998
25000000,65663276,7.466,7140,tt1655441,The Age of Adaline,2015,"Drama, Fantasy, Romance",51.0,7.2,indie,7.333,5.1,2.2330000000000005
19000000,85241496,6.997,7059,tt3531824,Nerve,2016,"Adventure, Crime, Drama",58.0,6.5,indie,6.7485,5.8,0.9485000000000001
110000000,179246868,6.101,7034,tt3410834,The Divergent Series: Allegiant,2016,"Action, Adventure, Fantasy",33.0,5.7,indie,5.9005,3.3,2.6005000000000003
2300000,23374076,6.583,7021,tt3235888,It Follows,2014,"Horror, Mystery, Thriller",83.0,6.8,indie,6.6915,8.3,-1.6085000000000012
120000000,407141258,6.882,7004,tt1464335,Uncharted,2022,"Action, Adventure",45.0,6.3,indie,6.590999999999999,4.5,2.0909999999999993
12000000,140312928,8.038,6996,tt3741834,Lion,2016,"Biography, Drama",69.0,8.0,indie,8.019,6.9,1.1189999999999998
40000000,15000000,7.03,6967,tt11564570,Glass Onion,2022,"Comedy, Crime, Drama",81.0,7.1,indie,7.0649999999999995,8.1,-1.0350000000000001
4000000,15700000,7.022,6958,tt3464902,The Lobster,2015,"Drama, Romance, Sci-Fi",82.0,7.1,indie,7.061,8.2,-1.1389999999999993
20000000,84426031,7.05,6910,tt0293429,Mortal Kombat,2021,"Action, Adventure, Fantasy",44.0,6.1,indie,6.574999999999999,4.4,2.174999999999999
40000000,332103783,7.844,6907,tt3281548,Little Women,2019,"Drama, Romance",91.0,7.8,indie,7.822,9.1,-1.2779999999999996
5000000,23123592,7.889,6885,tt3553976,Captain Fantastic,2016,"Comedy, Drama",72.0,7.8,indie,7.8445,7.2,0.6444999999999999
144000000,229147509,5.343,6831,tt1289401,Ghostbusters,2016,"Action, Comedy, Fantasy",60.0,6.8,indie,6.0715,6.0,0.07150000000000034
200000000,1698863816,7.544,6814,tt22022452,Inside Out 2,2024,"Animation, Adventure, Comedy",73.0,7.5,indie,7.522,7.3,0.22200000000000042
170000000,387300138,6.691,6793,tt3741700,Godzilla: King of the Monsters,2019,"Action, Adventure, Fantasy",48.0,6.0,indie,6.3454999999999995,4.8,1.5454999999999997
30000000,176586701,6.895,6730,tt1959563,The Hitman's Bodyguard,2017,"Action, Comedy, Crime",47.0,6.9,indie,6.8975,4.7,2.1975
22000000,115171795,7.661,6711,tt8367814,The Gentlemen,2019,"Action, Comedy, Crime",51.0,7.8,indie,7.730499999999999,5.1,2.6304999999999996
21000000,0,7.226,6707,tt7846844,Enola Holmes,2020,"Adventure, Crime, Drama",68.0,6.6,indie,6.913,6.8,0.11300000000000043
75000000,220021259,6.1,6704,tt3062096,Inferno,2016,"Action, Adventure, Crime",42.0,6.2,indie,6.15,4.2,1.9500000000000002
30000000,100014025,6.4,6689,tt2406566,Atomic Blonde,2017,"Action, Thriller",63.0,6.7,indie,6.550000000000001,6.3,0.2500000000000009
65000000,0,7.289,6685,tt8936646,Extraction,2020,"Action, Crime, Thriller",56.0,6.8,indie,7.044499999999999,5.6,1.4444999999999997
145000000,521170825,6.93,6669,tt2267968,Kung Fu Panda 3,2016,"Animation, Action, Adventure",66.0,7.1,indie,7.015,6.6,0.41500000000000004
39000000,206444123,7.346,6620,tt7069210,The Conjuring: The Devil Made Me Do It,2021,"Horror, Mystery, Thriller",53.0,6.2,indie,6.773,5.3,1.4729999999999999
165000000,389681935,5.368,6529,tt1628841,Independence Day: Resurgence,2016,"Action, Adventure, Sci-Fi",32.0,5.2,indie,5.284000000000001,3.2,2.0840000000000005
160000000,178143,6.73,6518,tt7991608,Red Notice,2021,"Action, Comedy, Thriller",37.0,6.3,indie,6.515000000000001,3.7,2.8150000000000004
20000000,27975429,7.144,6483,tt1536537,What Happened to Monday,2017,"Action, Crime, Fantasy",47.0,6.8,indie,6.9719999999999995,4.7,2.2719999999999994
175000000,383925276,6.865,6478,tt3606752,Cars 3,2017,"Animation, Adventure, Comedy",59.0,6.7,indie,6.782500000000001,5.9,0.8825000000000003
90000000,162400000,6.496,6478,tt2404435,The Magnificent Seven,2016,"Action, Adventure, Drama",54.0,6.9,indie,6.698,5.4,1.298
9000000,79000000,7.553,6466,tt4034228,Manchester by the Sea,2016,Drama,96.0,7.8,indie,7.6765,9.6,-1.9234999999999998
120000000,167977596,4.434,6464,tt1502712,Fantastic Four,2015,"Action, Adventure, Sci-Fi",27.0,4.3,indie,4.367,2.7,1.6669999999999998
65000000,235666219,6.83,6453,tt3079380,Spy,2015,"Action, Comedy",75.0,7.0,indie,6.915,7.5,-0.585
50000000,216972543,6.418,6410,tt1489889,Central Intelligence,2016,"Action, Comedy, Crime",52.0,6.3,indie,6.359,5.2,1.1589999999999998
35000000,79628200,7.177,6404,tt9764362,The Menu,2022,"Comedy, Horror, Thriller",71.0,7.2,indie,7.1884999999999994,7.1,0.0884999999999998
69000000,151572634,6.534,6400,tt2873282,Red Sparrow,2018,"Action, Drama, Thriller",53.0,6.6,indie,6.567,5.3,1.2670000000000003
37000000,117501013,6.846,6363,tt2704998,Game Night,2018,"Action, Adventure, Comedy",66.0,6.9,indie,6.873,6.6,0.2730000000000006
7000000,144492724,7.091,6355,tt1051906,The Invisible Man,2020,"Drama, Horror, Mystery",72.0,7.1,indie,7.0954999999999995,7.2,-0.1045000000000007
42000000,122810399,6.895,6343,tt1560220,Zombieland: Double Tap,2019,"Action, Comedy, Horror",55.0,6.7,indie,6.797499999999999,5.5,1.2974999999999994
78000000,331982078,8.314,6336,tt29623480,The Wild Robot,2024,"Animation, Adventure, Family",85.0,8.2,indie,8.257,8.5,-0.24300000000000033
17000000,66316289,7.968,6293,tt5164432,"Love, Simon",2018,"Comedy, Drama, Romance",72.0,7.5,indie,7.734,7.2,0.5339999999999998
120000000,415484914,6.4,6272,tt4196776,Jason Bourne,2016,"Action, Thriller",58.0,6.6,indie,6.5,5.8,0.7000000000000002
11000000,53900000,7.468,6235,tt5580036,"I, Tonya",2017,"Biography, Comedy, Drama",77.0,7.5,indie,7.484,7.7,-0.2160000000000002
17500000,77316812,7.131,6233,tt17526714,The Substance,2024,"Drama, Horror, Sci-Fi",78.0,7.2,indie,7.1655,7.8,-0.6345000000000001
40000000,103966489,7.575,6189,tt11083552,Wrath of Man,2021,"Action, Crime, Thriller",57.0,7.1,indie,7.3375,5.7,1.6375000000000002
80000000,473200000,6.765,6183,tt2510894,Hotel Transylvania 2,2015,"Animation, Adventure, Comedy",44.0,6.6,indie,6.682499999999999,4.4,2.282499999999999
45000000,173200000,6.44,6086,tt3631112,The Girl on the Train,2016,"Crime, Drama, Mystery",48.0,6.5,indie,6.470000000000001,4.8,1.6700000000000008
38000000,109906372,5.938,6081,tt2304933,The 5th Wave,2016,"Action, Adventure, Sci-Fi",33.0,5.2,indie,5.569,3.3,2.269
175000000,332207671,6.749,6077,tt1979388,The Good Dinosaur,2015,"Animation, Action, Adventure",66.0,6.7,indie,6.7245,6.6,0.12450000000000028
62000000,190400157,6.795,6055,tt3766354,The Equalizer 2,2018,"Action, Crime, Mystery",50.0,6.7,indie,6.7475000000000005,5.0,1.7475000000000005
15000000,306592201,6.609,6034,tt5140878,Annabelle: Creation,2017,"Horror, Mystery, Thriller",62.0,6.5,indie,6.5545,6.2,0.3544999999999998
90000000,0,6.162,6010,tt5519340,Bright,2017,"Action, Fantasy, Thriller",29.0,6.3,indie,6.231,2.9,3.331
7000000,40300000,7.995,6001,tt4481414,Gifted,2017,Drama,60.0,7.6,indie,7.797499999999999,6.0,1.7974999999999994
15000000,64200000,7.542,5978,tt0810819,The Danish Girl,2015,"Biography, Drama",66.0,7.1,indie,7.321,6.6,0.7210000000000001
15000000,95918706,7.486,5966,tt5083738,The Favourite,2018,"Biography, Comedy, Drama",91.0,7.5,indie,7.493,9.1,-1.6069999999999993
7000000,92600000,8.216,5959,tt6472976,Five Feet Apart,2019,"Drama, Romance",53.0,7.2,indie,7.708,5.3,2.4080000000000004
175000000,21813358,7.334,5952,tt8097030,Turning Red,2022,"Animation, Adventure, Comedy",83.0,6.9,indie,7.117,8.3,-1.1830000000000007
200000000,476071180,6.225,5939,tt10954600,Ant-Man and the Wasp: Quantumania,2023,"Action, Adventure, Comedy",48.0,6.0,indie,6.1125,4.8,1.3125
30000000,91709827,7.364,5875,tt1798684,Southpaw,2015,"Action, Drama, Sport",57.0,7.3,indie,7.332,5.7,1.6319999999999997
11000000,44998252,7.439,5849,tt5362988,Wind River,2017,"Crime, Drama, Mystery",73.0,7.7,indie,7.5695,7.3,0.26949999999999985
50000000,214200000,7.038,5846,tt6343314,Creed II,2018,"Action, Drama, Sport",66.0,7.1,indie,7.069,6.6,0.4690000000000003
0,0,7.045,5720,tt9243946,El Camino,2019,"Crime, Drama, Thriller",72.0,7.3,indie,7.172499999999999,7.2,-0.027500000000000746
6000000,57615777,7.092,5688,tt7798634,Ready or Not,2019,"Action, Comedy, Horror",64.0,6.9,indie,6.996,6.4,0.5960000000000001
11000000,18262464,7.466,5630,tt7984734,The Lighthouse,2019,"Drama, Fantasy, Horror",83.0,7.4,indie,7.433,8.3,-0.8670000000000009
35000000,117607117,7.637,5595,tt14230458,Poor Things,2023,"Comedy, Drama, Romance",88.0,7.7,indie,7.6685,8.8,-1.1315000000000008
60000000,113231078,5.801,5584,tt1648190,The Dark Tower,2017,"Action, Adventure, Drama",34.0,5.6,indie,5.7005,3.4,2.3005
36000000,88528280,7.218,5578,tt4682786,Collateral Beauty,2016,"Drama, Romance",23.0,6.8,indie,7.009,2.3,4.7090000000000005
30000000,150847207,7.356,5570,tt4555426,Darkest Hour,2017,"Biography, Drama, History",75.0,7.4,indie,7.378,7.5,-0.12199999999999989
14000000,47990414,7.15,5481,tt10362466,After We Collided,2020,"Drama, Romance",14.0,5.1,indie,6.125,1.4,4.725
35000000,72991435,7.846,5474,tt5104604,Isle of Dogs,2018,"Animation, Adventure, Comedy",82.0,7.8,indie,7.823,8.2,-0.3769999999999989
19000000,50023780,7.168,5459,tt5727208,Uncut Gems,2019,"Crime, Drama, Thriller",93.0,7.4,indie,7.284000000000001,9.3,-2.016
15000000,24121245,7.149,5444,tt4276820,The Founder,2016,"Biography, Drama",66.0,7.2,indie,7.1745,6.6,0.5745000000000005
200000000,496444308,7.589,5435,tt15789038,Elemental,2023,"Animation, Adventure, Comedy",58.0,7.0,indie,7.2945,5.8,1.4945000000000004
34000000,52300000,7.127,5429,tt7737786,Greenland,2020,"Action, Adventure, Thriller",64.0,6.4,indie,6.7635000000000005,6.4,0.36350000000000016
110000000,253890701,5.892,5420,tt2283336,Men in Black: International,2019,"Action, Adventure, Comedy",38.0,5.6,indie,5.746,3.8,1.9460000000000006
150000000,290061297,6.125,5409,tt2557478,Pacific Rim: Uprising,2018,"Action, Adventure, Sci-Fi",44.0,5.6,indie,5.8625,4.4,1.4624999999999995
17000000,119100758,6.358,5373,tt4052882,The Shallows,2016,"Drama, Horror, Thriller",59.0,6.3,indie,6.329,5.9,0.4289999999999994
42000000,39861118,6.677,5295,tt1634106,Bloodshot,2020,"Action, Adventure, Sci-Fi",44.0,5.7,indie,6.1884999999999994,4.4,1.788499999999999
55000000,74700000,6.663,5290,tt2554274,Crimson Peak,2015,"Drama, Horror, Mystery",66.0,6.5,indie,6.5815,6.6,-0.018499999999999517
150000000,0,6.333,5230,tt8106534,6 Underground,2019,"Action, Thriller",41.0,6.1,indie,6.2165,4.1,2.1165000000000003
5000000,98450062,6.318,5230,tt3567288,The Visit,2015,"Horror, Mystery, Thriller",55.0,6.3,indie,6.308999999999999,5.5,0.8089999999999993
75000000,204445747,7.316,5227,tt4513678,Ghostbusters: Afterlife,2021,"Adventure, Comedy, Fantasy",45.0,7.0,indie,7.1579999999999995,4.5,2.6579999999999995
88000000,160542134,5.623,5201,tt3829266,The Predator,2018,"Action, Adventure, Sci-Fi",48.0,5.3,indie,5.4615,4.8,0.6615000000000002
12000000,85500000,6.155,5199,tt3622592,Paper Towns,2015,"Adventure, Comedy, Drama",56.0,6.2,indie,6.1775,5.6,0.5775000000000006
0,0,7.604,5153,tt9784456,The Kissing Booth 2,2020,"Comedy, Romance",39.0,5.7,indie,6.652,3.9,2.7520000000000002
60000000,205754447,6.225,5151,tt3300542,London Has Fallen,2016,"Action, Thriller",28.0,5.9,indie,6.0625,2.8,3.2625
70000000,69633110,7.025,5148,tt11138512,The Northman,2022,"Action, Adventure, Drama",82.0,7.0,indie,7.0125,8.2,-1.1874999999999991
100000000,125897478,6.711,5116,tt6856242,The King's Man,2021,"Action, Adventure, Thriller",44.0,6.3,indie,6.5055,4.4,2.1054999999999993
9000000,155712077,6.542,5103,tt5886046,Escape Room,2019,"Action, Adventure, Horror",48.0,6.4,indie,6.471,4.8,1.6710000000000003
20000000,297242145,7.301,5101,tt4589218,Five Nights at Freddy's,2023,"Horror, Mystery, Thriller",33.0,5.4,indie,6.3505,3.3,3.0505000000000004
3000000,16976561,7.505,5100,tt6499752,Upgrade,2018,"Action, Sci-Fi, Thriller",67.0,7.5,indie,7.5024999999999995,6.7,0.8024999999999993
4000000,30000000,8.079,5062,tt4857264,The Invisible Guest,2016,"Crime, Drama, Mystery",,8.0,indie,8.0395,,
116000000,0,6.99,5025,tt2463208,The Adam Project,2022,"Action, Adventure, Comedy",55.0,6.7,indie,6.845000000000001,5.5,1.3450000000000006
50000000,179769467,7.005,4959,tt6294822,The Post,2018,"Biography, Drama, History",83.0,7.2,indie,7.1025,8.3,-1.1975000000000007
110000000,121790376,6.9,4957,tt1860357,Deepwater Horizon,2016,"Action, Drama, History",68.0,7.1,indie,7.0,6.8,0.20000000000000018
105000000,408579038,6.121,4928,tt3416828,Ice Age: Collision Course,2016,"Animation, Action, Adventure",34.0,5.7,indie,5.910500000000001,3.4,2.510500000000001
12000000,37600000,7.303,4916,tt2582782,Hell or High Water,2016,"Crime, Drama, Thriller",88.0,7.6,indie,7.451499999999999,8.8,-1.3485000000000014
12000000,180089109,7.019,4904,tt8760708,M3GAN,2022,"Horror, Sci-Fi, Thriller",72.0,6.3,indie,6.6594999999999995,7.2,-0.5405000000000006
1000000,0,6.729,4888,tt5022702,Hush,2016,"Horror, Thriller",67.0,6.6,indie,6.6645,6.7,-0.035499999999999865
70000000,0,7.096,4877,tt7556122,The Old Guard,2020,"Action, Thriller",70.0,6.7,indie,6.898,7.0,-0.10200000000000031
75000000,167635712,5.895,4876,tt5108870,Morbius,2022,"Action, Adventure, Horror",35.0,5.1,indie,5.4975,3.5,1.9974999999999996
24000000,0,6.256,4847,tt1618434,Murder Mystery,2019,"Crime, Mystery, Romance",38.0,6.1,indie,6.178,3.8,2.378
85000000,408402685,7.834,4837,tt6467266,Sing 2,2021,"Animation, Adventure, Comedy",49.0,7.3,indie,7.567,4.9,2.667
4000000,6170043,6.841,4798,tt3289956,The Autopsy of Jane Doe,2016,"Horror, Mystery, Thriller",65.0,6.8,indie,6.8205,6.5,0.3205
20000000,0,7.736,4788,tt1016150,All Quiet on the Western Front,2022,"Drama, History, War",76.0,7.8,indie,7.768,7.6,0.16800000000000015
3000000,57615635,7.763,4771,tt13833688,The Whale,2022,Drama,60.0,7.6,indie,7.6815,6.0,1.6814999999999998
150000000,571750016,7.048,4765,tt14539740,Godzilla X Kong: The New Empire,2024,"Action, Adventure, Fantasy",47.0,6.0,indie,6.524,4.7,1.8239999999999998
80000000,528600000,6.848,4746,tt5220122,Hotel Transylvania 3: Summer Vacation,2018,"Animation, Adventure, Comedy",54.0,6.3,indie,6.574,5.4,1.1739999999999995
0,0,8.22,4736,tt4729430,Klaus,2019,"Animation, Adventure, Comedy",65.0,8.2,indie,8.21,6.5,1.7100000000000009
3000000,17363261,7.146,4722,tt15325794,Fall,2022,"Action, Thriller",62.0,6.4,indie,6.773,6.2,0.5729999999999995
40000000,37357216,7.113,4708,tt3774114,Snowden,2016,"Biography, Crime, Drama",58.0,7.3,indie,7.2065,5.8,1.4065000000000003
80000000,350865342,7.169,4702,tt18412256,Alien: Romulus,2024,"Horror, Sci-Fi, Thriller",64.0,7.1,indie,7.134499999999999,6.4,0.7344999999999988
30000000,119942387,6.367,4696,tt1590193,The Commuter,2018,"Action, Mystery, Thriller",56.0,6.3,indie,6.3335,5.6,0.7335000000000003
105000000,142300000,6.244,4671,tt3717490,Power Rangers,2017,"Action, Adventure, Fantasy",44.0,5.9,indie,6.072,4.4,1.6719999999999997
0,32207491,7.853,4651,tt4901306,Perfect Strangers,2016,"Comedy, Drama, Thriller",,7.7,indie,7.7765,,
20000000,97644617,6.643,4634,tt7040874,A Simple Favor,2018,"Comedy, Crime, Mystery",67.0,6.7,indie,6.6715,6.7,-0.028500000000000192
11500000,94100000,5.938,4625,tt1860213,Dirty Grandpa,2016,Comedy,21.0,5.9,indie,5.9190000000000005,2.1,3.8190000000000004
18000000,40651864,5.52,4606,tt4287320,The Circle,2017,"Drama, Mystery, Sci-Fi",43.0,5.4,indie,5.46,4.3,1.1600000000000001
15700000,523542183,8.223,4596,tt11032374,Demon Slayer: Kimetsu no Yaiba - The Movie: Mugen Train,2020,"Animation, Action, Adventure",72.0,8.2,indie,8.211500000000001,7.2,1.0115000000000007
0,28000000,8.254,4582,tt10431500,Miracle in Cell No. 7,2019,Drama,,8.2,indie,8.227,,
0,30819442,8.4,4580,tt5323662,A Silent Voice: The Movie,2016,"Animation, Drama",78.0,8.2,indie,8.3,7.8,0.5000000000000009
50000000,0,7.33,4573,tt3967856,Okja,2017,"Action, Adventure, Drama",75.0,7.3,indie,7.3149999999999995,7.5,-0.1850000000000005
3000000,10700000,7.004,4495,tt5715874,The Killing of a Sacred Deer,2017,"Drama, Horror, Mystery",73.0,7.0,indie,7.002,7.3,-0.29800000000000004
8500000,43528634,6.759,4486,tt1666801,The DUFF,2015,"Comedy, Romance",56.0,6.4,indie,6.5795,5.6,0.9795000000000007
0,0,7.134,4474,tt6412452,The Ballad of Buster Scruggs,2018,"Comedy, Drama, Musical",79.0,7.2,indie,7.167,7.9,-0.7330000000000005
90000000,190700000,6.193,4469,tt0993840,Army of the Dead,2021,"Action, Adventure, Crime",57.0,5.8,indie,5.996499999999999,5.7,0.2964999999999991
38000000,118102725,6.386,4441,tt4501244,Why Him?,2016,Comedy,39.0,6.2,indie,6.293,3.9,2.3930000000000002
50000000,126542249,6.858,4423,tt17279496,Civil War,2024,"Action, Thriller, War",75.0,7.0,indie,6.929,7.5,-0.5709999999999997
8575000,38600000,8.182,4401,tt4016934,The Handmaiden,2016,"Drama, Romance, Thriller",85.0,8.1,indie,8.141,8.5,-0.359
140000000,150680864,5.698,4394,tt2404233,Gods of Egypt,2016,"Action, Adventure, Drama",25.0,5.4,indie,5.549,2.5,3.0490000000000004
35000000,162619535,7.279,4372,tt15314262,The Beekeeper,2024,"Action, Crime, Thriller",53.0,6.3,indie,6.7895,5.3,1.4895000000000005
120000000,478937618,6.666,4348,tt16366836,Venom: The Last Dance,2024,"Action, Adventure, Horror",41.0,6.0,indie,6.333,4.1,2.2330000000000005
160000000,397378150,7.1,4346,tt11389872,Kingdom of the Planet of the Apes,2024,"Action, Adventure, Drama",66.0,6.8,indie,6.949999999999999,6.6,0.34999999999999964
200000000,454023,6.918,4337,tt1649418,The Gray Man,2022,"Action, Mystery, Thriller",49.0,6.5,indie,6.709,4.9,1.8089999999999993
25000000,42972994,7.054,4329,tt3569230,Legend,2015,"Biography, Crime, Drama",55.0,6.9,indie,6.977,5.5,1.4770000000000003
200000000,14400000,7.518,4315,tt9777666,The Tomorrow War,2021,"Action, Adventure, Drama",45.0,6.6,indie,7.058999999999999,4.5,2.5589999999999993
60000000,101134059,6.554,4313,tt2446980,Joy,2015,"Biography, Drama",56.0,6.6,indie,6.577,5.6,0.9770000000000003
26000000,154608856,6.687,4302,tt8079248,Yesterday,2019,"Comedy, Fantasy, Music",55.0,6.8,indie,6.7435,5.5,1.2435
9000000,18803648,7.152,4290,tt1878870,The Edge of Seventeen,2016,"Comedy, Drama, Romance",77.0,7.3,indie,7.226,7.7,-0.4740000000000002
20000000,183936074,6.485,4285,tt4651520,Bad Moms,2016,Comedy,60.0,6.2,indie,6.3425,6.0,0.34250000000000025
880000,75636047,7.571,4284,tt7668870,Searching,2018,"Drama, Mystery, Thriller",71.0,7.6,indie,7.5855,7.1,0.48550000000000004
90000000,137307235,6.41,4274,tt7657566,Death on the Nile,2022,"Crime, Drama, Mystery",52.0,6.3,indie,6.355,5.2,1.1550000000000002
50000000,91500000,6.535,4269,tt1206885,Rambo: Last Blood,2019,"Action, Crime, Thriller",26.0,6.1,indie,6.3175,2.6,3.7175
135000000,368871007,6.79,4268,tt2224026,Home,2015,"Animation, Adventure, Comedy",55.0,6.5,indie,6.645,5.5,1.1449999999999996
3500000,95330493,5.937,4239,tt6772950,Truth or Dare,2018,"Horror, Mystery, Thriller",35.0,5.2,indie,5.5685,3.5,2.0685000000000002
40000000,26620002,6.35,4239,tt4731136,A Cure for Wellness,2016,"Drama, Fantasy, Horror",47.0,6.4,indie,6.375,4.7,1.6749999999999998
294700000,383963057,6.511,4239,tt1462764,Indiana Jones and the Dial of Destiny,2023,"Action, Adventure, Sci-Fi",58.0,6.5,indie,6.5055,5.8,0.7054999999999998
200000000,158722599,7.394,4221,tt5537002,Killers of the Flower Moon,2023,"Crime, Drama, History",89.0,7.5,indie,7.447,8.9,-1.4530000000000003
0,0,6.761,4210,tt9495224,Black Mirror: Bandersnatch,2018,"Drama, Fantasy, Mystery",,7.1,indie,6.9305,,
65000000,215905815,7.439,4183,tt2850386,The Croods: A New Age,2020,"Animation, Adventure, Comedy",56.0,6.9,indie,7.1695,5.6,1.5695000000000006
4900000,149368835,6.374,4177,tt4786282,Lights Out,2016,"Horror, Mystery",58.0,6.3,indie,6.337,5.8,0.5369999999999999
40000000,0,4.273,4146,tt1241317,Death Note,2017,"Crime, Drama, Fantasy",43.0,4.5,indie,4.3865,4.3,0.08650000000000002
15000000,1140769,7.618,4144,tt6155172,Roma,2018,Drama,96.0,7.6,indie,7.609,9.6,-1.9909999999999997
0,0,7.731,4144,tt21909764,Culpa Mía,2023,"Drama, Romance",,6.1,indie,6.9155,,
35000000,75836683,6.949,4105,tt5052474,Sicario: Day of the Soldado,2018,"Action, Crime, Drama",61.0,7.1,indie,7.0245,6.1,0.9245000000000001
2500000,0,7.814,4078,tt3420504,Finch,2021,"Adventure, Drama, Sci-Fi",57.0,6.9,indie,7.357,5.7,1.657
73000000,349779543,6.3,4071,tt1985949,The Angry Birds Movie,2016,"Animation, Action, Adventure",43.0,6.3,indie,6.3,4.3,2.0
30000000,59284015,7.155,4056,tt4209788,Molly's Game,2017,"Biography, Crime, Drama",71.0,7.4,indie,7.2775,7.1,0.1775000000000002
74000000,192907684,6.454,4047,tt13320622,The Lost City,2022,"Action, Adventure, Comedy",60.0,6.1,indie,6.276999999999999,6.0,0.27699999999999925
1000000,14745049,6.714,4040,tt13560574,X,2022,"Horror, Mystery, Thriller",80.0,6.5,indie,6.607,8.0,-1.3929999999999998
80000000,104272136,7.028,4037,tt11858890,The Creator,2023,"Action, Adventure, Drama",63.0,6.7,indie,6.864,6.3,0.5640000000000001
31000000,104400000,6.307,4031,tt1524930,Vacation,2015,"Adventure, Comedy",34.0,6.2,indie,6.253500000000001,3.4,2.853500000000001
58000000,158952243,6.313,4017,tt1051904,Goosebumps,2015,"Adventure, Comedy, Family",60.0,6.3,indie,6.3065,6.0,0.3064999999999998
10000000,104223315,6.215,4006,tt3348730,Jigsaw,2017,"Horror, Mystery, Thriller",39.0,5.7,indie,5.9575,3.9,2.0574999999999997
11800000,40272135,7.492,3987,tt2402927,Carol,2015,"Drama, Romance",94.0,7.3,indie,7.396,9.4,-2.0040000000000004
10000000,73929392,5.974,3987,tt3882082,The Boy,2016,"Horror, Mystery, Thriller",42.0,6.0,indie,5.987,4.2,1.787
7000000,3400000,6.496,3974,tt1974419,The Neon Demon,2016,"Horror, Thriller",51.0,6.1,indie,6.298,5.1,1.1980000000000004
109000000,111200000,7.513,3972,tt7504726,The Call of the Wild,2020,"Adventure, Drama, Family",48.0,6.7,indie,7.1065000000000005,4.8,2.3065000000000007
0,0,6.396,3969,tt3748172,Gerald's Game,2017,"Drama, Horror, Thriller",77.0,6.5,indie,6.448,7.7,-1.2519999999999998
35000000,81093313,5.922,3965,tt3717252,Underworld: Blood Wars,2016,"Action, Crime, Drama",23.0,5.8,indie,5.861,2.3,3.561
0,0,6.189,3946,tt4225622,The Babysitter,2017,"Comedy, Horror",,6.4,indie,6.2945,,
45000000,83000000,6.679,3930,tt15671028,No Hard Feelings,2023,"Comedy, Romance",59.0,6.3,indie,6.4895,5.9,0.5894999999999992
43000000,22957625,7.269,3931,tt9639470,Last Night in Soho,2021,"Drama, Horror, Mystery",65.0,7.0,indie,7.1345,6.5,0.6345000000000001
40000000,146661977,6.6,3925,tt6189022,Angel Has Fallen,2019,"Action, Thriller",45.0,6.4,indie,6.5,4.5,2.0
32000000,31882724,6.842,3914,tt6628394,Bad Times at the El Royale,2018,"Crime, Drama, Mystery",60.0,7.1,indie,6.971,6.0,0.9710000000000001
100000000,30552111,7.4,3908,tt4244994,The Last Duel,2021,"Drama, History, Thriller",67.0,7.3,indie,7.35,6.7,0.6499999999999995
27000000,231252591,6.407,3883,tt8350360,Annabelle Comes Home,2019,"Horror, Mystery, Thriller",53.0,5.9,indie,6.1535,5.3,0.8535000000000004
90000000,146936910,6.017,3882,tt1618442,The Last Witch Hunter,2015,"Action, Adventure, Fantasy",34.0,5.9,indie,5.958500000000001,3.4,2.558500000000001
29000000,48453605,6.739,3880,tt5439796,Logan Lucky,2017,"Action, Comedy, Crime",78.0,7.0,indie,6.8695,7.8,-0.9304999999999994
200000000,226425420,6.867,3869,tt10298810,Lightyear,2022,"Animation, Action, Adventure",60.0,6.1,indie,6.483499999999999,6.0,0.4834999999999994
60000000,76249438,7.636,3856,tt4302938,Kubo and the Two Strings,2016,"Animation, Action, Adventure",84.0,7.7,indie,7.668,8.4,-0.7320000000000002
125000000,347337803,6.624,3855,tt1679335,Trolls,2016,"Animation, Adventure, Comedy",55.0,6.4,indie,6.5120000000000005,5.5,1.0120000000000005
3000000,5800000,6.919,3850,tt4034354,Swiss Army Man,2016,"Comedy, Drama, Fantasy",64.0,6.9,indie,6.9094999999999995,6.4,0.5094999999999992
4500000,91959188,7.141,3847,tt10638522,Talk to Me,2022,"Horror, Thriller",76.0,7.1,indie,7.1205,7.6,-0.4794999999999998
15000000,147256372,6.951,3834,tt13345606,Evil Dead Rise,2023,Horror,69.0,6.5,indie,6.7255,6.9,-0.1745000000000001
5150000,21700000,7.628,3826,tt10288566,Another Round,2020,"Comedy, Drama",79.0,7.7,indie,7.664,7.9,-0.23600000000000065
35000000,47756590,7.317,3811,tt5776858,Phantom Thread,2018,"Drama, Romance",90.0,7.4,indie,7.3585,9.0,-1.6414999999999997
70000000,191067560,7.3,3801,tt17024450,The Equalizer 3,2023,"Action, Crime, Thriller",58.0,6.8,indie,7.05,5.8,1.25
50000000,181805645,6.713,3801,tt5040012,Nosferatu,2024,"Fantasy, Horror, Mystery",78.0,7.1,indie,6.906499999999999,7.8,-0.8935000000000004
10000000,29820616,7.099,3789,tt3521126,The Disaster Artist,2017,"Biography, Comedy, Drama",76.0,7.3,indie,7.1995000000000005,7.6,-0.4004999999999992
5000000,1818417,7.336,3772,tt9484998,Palm Springs,2020,"Comedy, Fantasy, Mystery",83.0,7.4,indie,7.368,8.3,-0.9320000000000004
10000000,20379604,7.382,3763,tt9620292,Promising Young Woman,2020,"Crime, Drama, Mystery",72.0,7.5,indie,7.441,7.2,0.24099999999999966
67000000,49169594,6.068,3756,tt4682266,The New Mutants,2020,"Action, Horror, Mystery",43.0,5.3,indie,5.683999999999999,4.3,1.3839999999999995
50000000,55065289,5.577,3749,tt2274648,Hellboy,2019,"Action, Adventure, Fantasy",31.0,5.3,indie,5.4384999999999994,3.1,2.3384999999999994
40000000,125729635,6.068,3706,tt3522806,Mechanic: Resurrection,2016,"Action, Adventure, Thriller",38.0,5.8,indie,5.933999999999999,3.8,2.1339999999999995
110000000,134221819,6.411,3701,tt10151854,Shazam! Fury of the Gods,2023,"Action, Adventure, Comedy",47.0,5.9,indie,6.1555,4.7,1.4554999999999998
0,0,7.177,3701,tt7395114,The Devil All the Time,2020,"Crime, Drama, Thriller",55.0,7.1,indie,7.1385,5.5,1.6384999999999996
6000000,21029340,8.09,3696,tt10272386,The Father,2020,"Drama, Mystery",88.0,8.2,indie,8.145,8.8,-0.6550000000000011
146000000,67319703,6.271,3691,tt5834426,Moonfall,2022,"Action, Adventure, Sci-Fi",41.0,5.2,indie,5.7355,4.1,1.6355000000000004
10000000,120453155,6.288,3661,tt3195644,Insidious: Chapter 3,2015,"Horror, Mystery, Thriller",52.0,6.1,indie,6.194,5.2,0.9939999999999998
50000000,113360085,7.747,3661,tt7405458,A Man Called Otto,2022,"Comedy, Drama",51.0,7.5,indie,7.6235,5.1,2.5235000000000003
60000000,76100000,7.013,3637,tt6266538,Vice,2018,"Biography, Comedy, Drama",61.0,7.2,indie,7.1065000000000005,6.1,1.0065000000000008
53000000,99975678,6.526,3624,tt1355683,Black Mass,2015,"Biography, Crime, Drama",68.0,6.8,indie,6.663,6.8,-0.13699999999999957
0,0,7.202,3607,tt5541240,To the Bone,2017,Drama,64.0,6.7,indie,6.9510000000000005,6.4,0.5510000000000002
60000000,42145959,6.511,3607,tt6475714,Monster Hunter,2020,"Action, Adventure, Fantasy",47.0,5.2,indie,5.8555,4.7,1.1555
31000000,48800000,6.196,3604,tt2452244,Isn't It Romantic,2019,"Comedy, Fantasy, Musical",60.0,5.9,indie,6.048,6.0,0.04800000000000004
20000000,36606743,6.525,3602,tt2503944,Burnt,2015,"Comedy, Drama",42.0,6.6,indie,6.5625,4.2,2.3625
0,0,7.157,3599,tt7984766,The King,2019,"Biography, Drama, History",62.0,7.3,indie,7.2285,6.2,1.0285000000000002
80000000,548040835,7.005,3597,tt21692408,Kung Fu Panda 4,2024,"Animation, Action, Adventure",54.0,6.3,indie,6.6525,5.4,1.2524999999999995
75000000,395607854,7.075,3598,tt6911608,Mamma Mia! Here We Go Again,2018,"Comedy, Musical, Romance",60.0,6.6,indie,6.8375,6.0,0.8375000000000004
43000000,47309313,7.306,3595,tt3416532,A Monster Calls,2016,"Adventure, Drama, Family",76.0,7.4,indie,7.353,7.6,-0.2469999999999999
100000000,337371917,6.973,3579,tt10545296,The Hunger Games: The Ballad of Songbirds & Snakes,2023,"Action, Adventure, Drama",54.0,6.6,indie,6.7865,5.4,1.3864999999999998
115000000,0,6.328,3577,tt1488606,Triple Frontier,2019,"Action, Adventure, Thriller",61.0,6.5,indie,6.414,6.1,0.31400000000000006
0,0,6.996,3563,tt2481498,"Extremely Wicked, Shockingly Evil and Vile",2019,"Biography, Crime, Drama",52.0,6.7,indie,6.848000000000001,5.2,1.6480000000000006
5000000,16373843,6.967,3556,tt1691916,Before I Fall,2017,"Drama, Fantasy, Mystery",58.0,6.4,indie,6.6835,5.8,0.8835000000000006
22000000,205000000,7.6,3555,tt1753383,A Dog's Purpose,2017,"Adventure, Comedy, Drama",43.0,7.3,indie,7.449999999999999,4.3,3.1499999999999995
65500000,1281,7.97,3542,tt16277242,Society of the Snow,2023,"Adventure, Biography, Drama",72.0,7.8,indie,7.885,7.2,0.6849999999999996
0,0,7.3,3539,tt16116174,Harry Potter 20th Anniversary: Return to Hogwarts,2022,"Documentary, Family",,8.0,indie,7.65,,
50000000,40882928,6.288,3532,tt5774060,Underwater,2020,"Action, Horror, Sci-Fi",48.0,5.9,indie,6.094,4.8,1.2940000000000005
5000000,58978653,6.703,3533,tt4178092,The Gift,2015,"Drama, Mystery, Thriller",77.0,7.0,indie,6.8515,7.7,-0.8485000000000005
10000000,6341684,5.388,3531,tt3605418,Knock Knock,2015,"Crime, Thriller",53.0,4.9,indie,5.144,5.3,-0.1559999999999997
6000000,33224654,6.155,3522,tt7752126,Brightburn,2019,"Drama, Horror, Mystery",44.0,6.1,indie,6.1274999999999995,4.4,1.7274999999999991
40000000,312242626,6.107,3521,tt2592614,Resident Evil: The Final Chapter,2017,"Action, Horror, Sci-Fi",49.0,5.5,indie,5.8035,4.9,0.9034999999999993
1000000,1786396,6.295,3498,tt5638642,The Ritual,2017,"Horror, Mystery, Thriller",57.0,6.4,indie,6.3475,5.7,0.6475
274800000,206136825,5.9,3493,tt10676048,The Marvels,2023,"Action, Adventure, Sci-Fi",50.0,5.5,indie,5.7,5.0,0.7000000000000002
20000000,115657988,7.188,3488,tt20215234,Conclave,2024,"Drama, Thriller",79.0,7.4,indie,7.2940000000000005,7.9,-0.6059999999999999
28000000,75100000,6.711,3477,tt2854926,Tag,2018,"Action, Comedy",56.0,6.5,indie,6.6055,5.6,1.0055000000000005
60000000,121700000,7.7,3476,tt4495098,Gran Turismo,2023,"Action, Adventure, Drama",48.0,7.1,indie,7.4,4.8,2.6000000000000005
45000000,185400345,6.508,3475,tt4765284,Pitch Perfect 3,2017,"Comedy, Music",40.0,5.8,indie,6.154,4.0,2.154
75000000,153235995,6.562,3475,tt11214590,House of Gucci,2021,"Biography, Crime, Drama",59.0,6.6,indie,6.5809999999999995,5.9,0.6809999999999992
0,0,6.282,3468,tt3120280,Sierra Burgess Is a Loser,2018,"Comedy, Drama, Romance",60.0,5.8,indie,6.041,6.0,0.04100000000000037
30000000,80509622,6.9,3447,tt1259528,Den of Thieves,2018,"Action, Crime, Drama",49.0,7.0,indie,6.95,4.9,2.05
3500000,4100000,7.025,3434,tt4954522,Raw,2016,"Drama, Horror",81.0,6.9,indie,6.9625,8.1,-1.1374999999999993
20000000,49300000,7.464,3428,tt11813216,The Banshees of Inisherin,2022,"Comedy, Drama",87.0,7.6,indie,7.532,8.7,-1.1679999999999993
75000000,0,7.834,3423,tt7979580,The Mitchells vs. the Machines,2021,"Animation, Adventure, Comedy",81.0,7.6,indie,7.717,8.1,-0.383
60000000,39629195,6.944,3421,tt7740496,Nightmare Alley,2021,"Crime, Drama, Thriller",70.0,7.0,indie,6.9719999999999995,7.0,-0.02800000000000047
5000000,39458207,7.161,3414,tt9770150,Nomadland,2020,Drama,87.0,7.3,indie,7.230499999999999,8.7,-1.4695
35000000,61181942,6.987,3410,tt3488710,The Walk,2015,"Adventure, Biography, Drama",70.0,7.3,indie,7.1434999999999995,7.0,0.14349999999999952
100000000,404547819,7.318,3400,tt4919268,Bad Boys: Ride or Die,2024,"Action, Adventure, Comedy",54.0,6.5,indie,6.909,5.4,1.5089999999999995
35000000,0,8.009,3395,tt1488589,Guillermo del Toro's Pinocchio,2022,"Animation, Adventure, Drama",79.0,7.6,indie,7.8045,7.9,-0.09550000000000036
35000000,107423,7.658,3393,tt1070874,The Trial of the Chicago 7,2020,"Drama, History, Thriller",76.0,7.7,indie,7.679,7.6,0.07900000000000063
18000000,41681746,6.935,3385,tt2763304,T2 Trainspotting,2017,"Comedy, Crime, Drama",67.0,7.1,indie,7.0175,6.7,0.3174999999999999
38000000,112343513,6.256,3373,tt1292566,How to Be Single,2016,"Comedy, Drama, Romance",51.0,6.1,indie,6.178,5.1,1.0780000000000003
6600000,36000000,7.517,3370,tt17009710,Anatomy of a Fall,2024,"Crime, Drama, Mystery",86.0,7.6,indie,7.5585,8.6,-1.0414999999999992
0,0,7.349,3363,tt14463484,Through My Window,2022,"Comedy, Drama, Romance",,5.5,indie,6.4245,,
0,0,6.527,3363,tt10767720,Jarhead: Law of Return,2019,"Action, Drama, War",,5.7,indie,6.1135,,
4500000,45400000,6.873,3362,tt15791034,Barbarian,2022,"Horror, Mystery, Thriller",78.0,7.0,indie,6.9365000000000006,7.8,-0.8634999999999993
50000000,216909830,5.376,3353,tt4877122,The Emoji Movie,2017,"Animation, Adventure, Comedy",12.0,3.5,indie,4.438000000000001,1.2,3.2380000000000004
34000000,63013281,7.632,3350,tt2726560,The Longest Ride,2015,"Drama, Romance",33.0,7.0,indie,7.316,3.3,4.016
46000000,23834809,7.12,3349,tt0490215,Silence,2016,"Drama, History",79.0,7.2,indie,7.16,7.9,-0.7400000000000002
0,0,6.427,3339,tt8201170,The Perfect Date,2019,"Comedy, Romance",,5.8,indie,6.1135,,
26000000,31807156,6.423,3323,tt2140379,Self/less,2015,"Action, Mystery, Sci-Fi",34.0,6.5,indie,6.4615,3.4,3.0615
35000000,81967450,5.903,3321,tt2679042,Hitman: Agent 47,2015,"Action, Adventure, Crime",28.0,5.7,indie,5.8015,2.8,3.0015
0,0,6.38,3315,tt12747748,Leave the World Behind,2023,"Drama, Mystery, Thriller",68.0,6.4,indie,6.390000000000001,6.8,-0.40999999999999925
6000000,56286295,7.077,3294,tt28607951,Anora,2024,"Comedy, Drama, Romance",91.0,7.4,indie,7.2385,9.1,-1.8614999999999995
11000000,62076141,7.297,3287,tt2381111,Brooklyn,2015,"Drama, Romance",88.0,7.5,indie,7.3985,8.8,-1.4015000000000004
33000000,67200000,6.411,3285,tt1961175,American Assassin,2017,"Action, Thriller",45.0,6.2,indie,6.3055,4.5,1.8055000000000003
15000000,113676322,7.583,3271,tt23289160,Godzilla Minus One,2023,"Action, Adventure, Drama",81.0,7.7,indie,7.641500000000001,8.1,-0.458499999999999
55000000,21948551,7.721,3250,tt4873118,The Covenant,2023,"Action, Drama, Thriller",63.0,7.5,indie,7.6105,6.3,1.3105000000000002
32000000,61404394,6.8,3232,tt6394270,Bombshell,2019,"Biography, Drama",64.0,6.8,indie,6.8,6.4,0.39999999999999947
35000000,67450815,6.369,3224,tt1413492,12 Strong,2018,"Action, Drama, History",54.0,6.5,indie,6.4345,5.4,1.0344999999999995
18000000,76987621,6.922,3218,tt13375076,The Pope's Exorcist,2023,"Horror, Thriller",45.0,6.1,indie,6.510999999999999,4.5,2.0109999999999992
1000000,125002821,7.948,3215,tt7961060,Dragon Ball Super: Broly,2018,"Animation, Action, Adventure",59.0,7.7,indie,7.824,5.9,1.9239999999999995
150000000,1059242164,6.989,3182,tt13622970,Moana 2,2024,"Animation, Adventure, Comedy",58.0,6.3,indie,6.6445,5.8,0.8445
100000000,86493046,5.91,3179,tt4532826,Robin Hood,2018,"Action, Adventure, Drama",32.0,5.4,indie,5.655,3.2,2.455
0,0,6.425,3178,tt9421570,The Guilty,2021,"Crime, Drama, Thriller",63.0,6.3,indie,6.3625,6.3,0.0625
48000000,73279888,6.374,3178,tt5033998,Charlie's Angels,2019,"Action, Adventure, Comedy",52.0,5.0,indie,5.686999999999999,5.2,0.4869999999999992
0,232638,7.483,3172,tt8404614,The Two Popes,2019,"Biography, Drama",75.0,7.6,indie,7.541499999999999,7.5,0.041499999999999204
27000000,93282604,6.4,3170,tt2241351,Money Monster,2016,"Action, Crime, Drama",55.0,6.5,indie,6.45,5.5,0.9500000000000002
165000000,222435664,6.305,3168,tt13287846,Napoleon,2023,"Action, Adventure, Biography",64.0,6.3,indie,6.3025,6.4,-0.09750000000000014
2000000,3283369,7.2,3162,tt4846232,Good Time,2017,"Crime, Drama, Thriller",80.0,7.3,indie,7.25,8.0,-0.75
25000000,214891370,6.8,3144,tt26047818,Anyone But You,2023,"Comedy, Romance",52.0,6.1,indie,6.449999999999999,5.2,1.2499999999999991
2000000,11303040,7.427,3133,tt5649144,The Florida Project,2017,Drama,92.0,7.6,indie,7.5135,9.2,-1.6864999999999997
111000000,295038508,7.211,3126,tt3411444,Ferdinand,2017,"Animation, Adventure, Comedy",58.0,6.7,indie,6.955500000000001,5.8,1.1555000000000009
85000000,0,6.942,3125,tt3359350,Road House,2024,"Action, Drama, Thriller",57.0,6.2,indie,6.571,5.7,0.8709999999999996
30000000,8574339,6.39,3118,tt1212428,The Lost City of Z,2016,"Adventure, Biography, Drama",78.0,6.6,indie,6.494999999999999,7.8,-1.3050000000000006
20000000,157563598,6.466,3112,tt5503686,Hustlers,2019,"Comedy, Crime, Drama",79.0,6.3,indie,6.383,7.9,-1.5170000000000003
0,0,6.426,3107,tt7550000,Project Power,2020,"Action, Crime, Sci-Fi",51.0,6.0,indie,6.213,5.1,1.1130000000000004
35000000,211952420,6.404,3104,tt1473832,Bridget Jones's Baby,2016,"Comedy, Drama, Romance",59.0,6.4,indie,6.402,5.9,0.5019999999999998
9800000,5566776,7.115,3099,tt4003440,The House That Jack Built,2018,"Crime, Drama, Horror",42.0,6.8,indie,6.9575,4.2,2.7574999999999994
250000000,185700759,6.972,3092,tt14948432,Red One,2024,"Action, Adventure, Comedy",34.0,6.2,indie,6.586,3.4,3.1860000000000004
0,0,7.414,3082,tt14641788,Enola Holmes 2,2022,"Action, Adventure, Crime",64.0,6.8,indie,7.106999999999999,6.4,0.706999999999999
17000000,9400000,6.543,3075,tt5742374,You Were Never Really Here,2018,"Crime, Drama, Thriller",84.0,6.7,indie,6.6215,8.4,-1.7785000000000002
25000000,84618541,6.693,3071,tt2568862,Going in Style,2017,"Comedy, Crime",50.0,6.6,indie,6.6465,5.0,1.6464999999999996
0,1447740,7.725,3064,tt5078204,Two Is a Family,2016,"Comedy, Drama",,7.3,indie,7.512499999999999,,
0,86600000,7.892,3051,tt14614892,Dragon Ball Super: Super Hero,2022,"Animation, Action, Adventure",65.0,7.1,indie,7.496,6.5,0.9960000000000004
0,0,7.633,3041,tt3907584,All the Bright Places,2020,"Drama, Romance",61.0,6.6,indie,7.1165,6.1,1.0165000000000006
34000000,31626978,6.7,3039,tt7456310,Anna,2019,"Action, Thriller",40.0,6.7,indie,6.7,4.0,2.7
25000000,46333545,7.011,3022,tt8847712,The French Dispatch,2021,"Comedy, Drama, Romance",75.0,7.1,indie,7.0555,7.5,-0.4444999999999997
0,0,6.573,3019,tt9893250,I Care a Lot,2020,"Comedy, Crime, Drama",66.0,6.4,indie,6.4865,6.6,-0.11349999999999927
35000,421798,6.315,3015,tt4281724,Terrifier,2016,Horror,,5.5,indie,5.907500000000001,,
20000000,21013738,6.944,3014,tt17351924,Saltburn,2023,"Drama, Thriller",61.0,7.0,indie,6.9719999999999995,6.1,0.8719999999999999
100000000,171616764,7.547,3012,tt5814534,Spies in Disguise,2019,"Animation, Action, Adventure",54.0,6.8,indie,7.1735,5.4,1.7734999999999994
35000000,86700000,6.764,3000,tt10731256,Don't Worry Darling,2022,"Drama, Mystery, Thriller",48.0,6.3,indie,6.532,4.8,1.7320000000000002
64000000,101281211,7.614,2998,tt1754656,The Little Prince,2015,"Animation, Adventure, Comedy",70.0,7.6,indie,7.606999999999999,7.0,0.6069999999999993
28000000,27100000,6.097,2988,tt3316948,American Ultra,2015,"Action, Comedy",50.0,6.1,indie,6.0985,5.0,1.0984999999999996
0,0,6.735,2986,tt10293406,The Power of the Dog,2021,"Drama, Western",89.0,6.8,indie,6.7675,8.9,-2.1325000000000003
65000000,0,7.393,2973,tt12263384,Extraction II,2023,"Action, Crime, Thriller",57.0,7.0,indie,7.1965,5.7,1.4965000000000002
5000000,3800000,6.713,2973,tt4062536,Green Room,2015,"Horror, Thriller",79.0,7.0,indie,6.8565000000000005,7.9,-1.0434999999999999
5740000,9923127,8.096,2971,tt8613070,Portrait of a Lady on Fire,2020,"Drama, Romance",95.0,8.0,indie,8.048,9.5,-1.452
35000000,145374099,6.98,2967,tt1615160,The Foreigner,2017,"Action, Crime, Thriller",55.0,7.0,indie,6.99,5.5,1.4900000000000002
34000000,41142379,7.021,2952,tt4073790,The Darkest Minds,2018,"Action, Adventure, Drama",39.0,5.7,indie,6.3605,3.9,2.4605
0,0,6.765,2946,tt4332232,Fractured,2019,"Drama, Mystery, Thriller",36.0,6.5,indie,6.6325,3.6,3.0325
20000000,133423964,6.403,2943,tt10665338,Halloween Kills,2021,"Action, Drama, Horror",42.0,5.5,indie,5.951499999999999,4.2,1.7514999999999992
3700000,17660107,8.1,2942,tt4772188,Flow,2024,"Animation, Adventure, Family",87.0,7.9,indie,8.0,8.7,-0.6999999999999993
5000000,2943477,5.947,2941,tt6214928,1922,2017,"Crime, Drama, Horror",70.0,6.2,indie,6.0735,7.0,-0.9264999999999999
40000000,111800000,6.018,2936,tt2561572,Get Hard,2015,"Comedy, Crime, Drama",34.0,6.0,indie,6.009,3.4,2.6090000000000004
15600000,24733572,7.016,2926,tt7322224,Triangle of Sadness,2022,"Comedy, Drama",63.0,7.2,indie,7.1080000000000005,6.3,0.8080000000000007
0,5491510,7.214,2926,tt8633478,Run,2020,"Drama, Horror, Mystery",67.0,6.7,indie,6.957000000000001,6.7,0.25700000000000056
30000000,83677281,6.235,2925,tt26753003,Trap,2024,"Crime, Horror, Mystery",52.0,5.8,indie,6.0175,5.2,0.8174999999999999
40000000,0,6.702,2916,tt2139881,Long Shot,2019,"Comedy, Romance",67.0,6.8,indie,6.7509999999999994,6.7,0.05099999999999927
75000000,275300000,7.088,2915,tt11145118,Creed III,2023,"Action, Drama, Sport",73.0,6.7,indie,6.894,7.3,-0.4059999999999997
0,0,8.041,2907,tt4614584,Purple Hearts,2022,"Drama, Music, Romance",30.0,6.7,indie,7.3705,3.0,4.3705
25000000,31749905,7.551,2901,tt1226837,Beautiful Boy,2018,"Biography, Drama",62.0,7.4,indie,7.4755,6.2,1.2755
1000000,354835,6.422,2901,tt2400463,The Invitation,2015,"Drama, Horror, Mystery",74.0,6.6,indie,6.510999999999999,7.4,-0.8890000000000011
60000000,121400000,6.567,2895,tt22687790,A Haunting in Venice,2023,"Crime, Drama, Horror",63.0,6.5,indie,6.5335,6.3,0.23350000000000026
0,0,6.431,2894,tt13143964,Borat Subsequent Moviefilm,2020,Comedy,68.0,6.6,indie,6.515499999999999,6.8,-0.2845000000000004
45000000,60730568,5.9,2893,tt12261776,65,2023,"Action, Adventure, Sci-Fi",40.0,5.4,indie,5.65,4.0,1.6500000000000004
25000000,104545505,6.493,2894,tt3387520,Scary Stories to Tell in the Dark,2019,"Adventure, Horror, Mystery",61.0,6.2,indie,6.346500000000001,6.1,0.24650000000000105
6600000,14281199,7.404,2892,tt14846026,Sisu,2022,"Action, Thriller, War",70.0,6.9,indie,7.152,7.0,0.15200000000000014
11000000,15325468,5.434,2885,tt8695030,The Dead Don't Die,2019,"Action, Comedy, Crime",53.0,5.4,indie,5.417,5.3,0.11699999999999999
175000000,362113,6.575,2881,tt1136617,The Killer,2023,"Action, Adventure, Crime",73.0,6.7,indie,6.6375,7.3,-0.6624999999999996
6000000,24849029,6.999,2879,tt1489887,Booksmart,2019,Comedy,84.0,7.1,indie,7.0495,8.4,-1.3505000000000003
0,516520,7.702,2879,tt5363618,Sound of Metal,2019,"Drama, Music",82.0,7.7,indie,7.7010000000000005,8.2,-0.4989999999999988
5500000,62198461,5.802,2878,tt2932536,47 Meters Down,2017,"Horror, Mystery, Thriller",52.0,5.6,indie,5.701,5.2,0.5009999999999994
45000000,50548152,7.1,2878,tt4572514,Patriots Day,2016,"Action, Crime, Drama",69.0,7.3,indie,7.199999999999999,6.9,0.29999999999999893
0,643593,6.71,2870,tt6292852,I Am Mother,2019,"Drama, Mystery, Sci-Fi",64.0,6.7,indie,6.705,6.4,0.3049999999999997
21000000,0,7.699,2866,tt8009428,Hustle,2022,"Comedy, Drama, Sport",68.0,7.3,indie,7.499499999999999,6.8,0.6994999999999996
15000000,53785551,6.981,2866,tt6246322,Don't Breathe 2,2021,"Action, Crime, Horror",46.0,6.0,indie,6.4905,4.6,1.8905000000000003
60000000,5000,6.981,2853,tt13452446,Damsel,2024,"Action, Adventure, Fantasy",46.0,6.1,indie,6.5405,4.6,1.9405000000000001
30000000,34017028,6.24,2839,tt1137450,Death Wish,2018,"Action, Crime, Drama",31.0,6.3,indie,6.27,3.1,3.1699999999999995
40000000,290132513,7.478,2838,tt4468740,Paddington 2,2017,"Adventure, Comedy, Family",88.0,7.8,indie,7.638999999999999,8.8,-1.1610000000000014
30000000,43763247,6.44,2837,tt4513674,Café Society,2016,"Comedy, Drama, Romance",64.0,6.6,indie,6.52,6.4,0.11999999999999922
0,0,6.905,2825,tt5304992,Set It Up,2018,"Comedy, Romance",62.0,6.5,indie,6.702500000000001,6.2,0.5025000000000004
47000000,0,6.883,2824,tt21382296,Carry-On,2024,"Action, Crime, Thriller",69.0,6.5,indie,6.6915,6.9,-0.2085000000000008
60000000,76419755,5.877,2822,tt5719748,Cold Pursuit,2019,"Action, Comedy, Crime",57.0,6.2,indie,6.0385,5.7,0.3384999999999998
40000000,45629909,7.564,2816,tt14208870,The Fabelmans,2022,Drama,85.0,7.5,indie,7.532,8.5,-0.968
25000000,158972570,6.283,2799,tt6921996,Johnny English Strikes Again,2018,"Action, Adventure, Comedy",39.0,6.2,indie,6.2415,3.9,2.3415000000000004
51000000,99630675,6.565,2790,tt4244998,Alpha,2018,"Adventure, Drama",63.0,6.6,indie,6.5825,6.3,0.28249999999999975
20000000,7953089,6.896,2790,tt1034415,Suspiria,2018,"Drama, Fantasy, Horror",64.0,6.7,indie,6.798,6.4,0.3979999999999997
14500000,250600000,7.954,2789,tt7599146,Sound of Freedom,2023,"Biography, Crime, Drama",36.0,7.6,indie,7.776999999999999,3.6,4.177
60000000,47318560,5.52,2781,tt3045616,Mortdecai,2015,"Action, Adventure, Comedy",27.0,5.5,indie,5.51,2.7,2.8099999999999996
0,2987741,5.824,2779,tt8784956,Ava,2020,"Action, Crime, Drama",39.0,5.5,indie,5.662,3.9,1.762
0,0,7.533,2774,tt2582496,Me and Earl and the Dying Girl,2015,"Comedy, Drama",74.0,7.7,indie,7.6165,7.4,0.21649999999999991
10000000,127961936,6.518,2760,tt23468450,Longlegs,2024,"Crime, Horror, Mystery",77.0,6.5,indie,6.509,7.7,-1.1909999999999998
5000000,54400000,6.948,2760,tt1781922,No Escape,2015,"Action, Thriller",38.0,6.8,indie,6.8740000000000006,3.8,3.0740000000000007
14000000,21753705,6.999,2758,tt13069986,After We Fell,2021,"Drama, Romance",,4.8,indie,5.8995,,
10000000,51913394,6.971,2755,tt28015403,Heretic,2024,"Horror, Thriller",71.0,7.0,indie,6.9855,7.1,-0.1144999999999996
100000000,127400000,7.1,2751,tt6924650,Midway,2019,"Action, Drama, History",47.0,6.7,indie,6.9,4.7,2.2
55000000,94182533,6.912,2745,tt16426418,Challengers,2024,"Comedy, Drama, Romance",82.0,7.0,indie,6.9559999999999995,8.2,-1.2439999999999998
25000000,41914915,5.928,2738,tt6920084,Resident Evil: Welcome to Raccoon City,2021,"Action, Horror, Sci-Fi",44.0,5.2,indie,5.564,4.4,1.1639999999999997
35000000,50400000,7.078,2738,tt3322364,Concussion,2015,"Biography, Drama, Sport",55.0,7.1,indie,7.089,5.5,1.5890000000000004
21000000,97400000,6.19,2720,tt1298644,The Hustle,2019,"Comedy, Crime",35.0,5.5,indie,5.845000000000001,3.5,2.3450000000000006
0,0,6.826,2717,tt9354842,To All the Boys: P.S. I Still Love You,2020,"Comedy, Drama, Romance",54.0,6.1,indie,6.462999999999999,5.4,1.0629999999999988
35000000,59945012,6.835,2717,tt6306064,Adrift,2018,"Action, Adventure, Biography",56.0,6.6,indie,6.717499999999999,5.6,1.1174999999999997
0,0,7.403,2710,tt6195094,Incident in a Ghostland,2018,"Drama, Horror, Mystery",44.0,6.4,indie,6.9015,4.4,2.5015
50000000,294200000,7.391,2707,tt6587046,The Boy and the Heron,2023,"Animation, Adventure, Drama",91.0,7.3,indie,7.3454999999999995,9.1,-1.7545000000000002
82000000,146745280,7.328,2706,tt6932874,The Boss Baby: Family Business,2021,"Animation, Adventure, Comedy",39.0,5.9,indie,6.614000000000001,3.9,2.714000000000001
40000000,33277069,6.946,2704,tt11271038,Licorice Pizza,2021,"Comedy, Drama, Romance",90.0,7.1,indie,7.023,9.0,-1.9770000000000003
2000000,16810562,6.414,2704,tt3072482,Hardcore Henry,2015,"Action, Adventure, Sci-Fi",51.0,6.7,indie,6.557,5.1,1.4570000000000007
10000000,284000000,6.7,2698,tt6566576,Fear Street: Part One - 1994,2021,"Drama, Horror, Mystery",67.0,6.2,indie,6.45,6.7,-0.25
9000000,123233739,5.65,2699,tt4913966,The Curse of La Llorona,2019,"Horror, Mystery, Thriller",41.0,5.3,indie,5.475,4.1,1.375
25000000,74515586,6.895,2696,tt5884796,Plane,2023,"Action, Adventure, Thriller",62.0,6.5,indie,6.6975,6.2,0.4974999999999996
3000000,249083,6.455,2691,tt3774694,Love,2015,"Drama, Romance",51.0,6.1,indie,6.2775,5.1,1.1775000000000002
40000000,34891791,6.76,2678,tt3811906,Malignant,2021,"Crime, Horror, Mystery",51.0,6.2,indie,6.48,5.1,1.3800000000000008
15000000,52631884,7.011,2670,tt7160372,The Zone of Interest,2023,"Drama, History, War",92.0,7.3,indie,7.1555,9.2,-2.0444999999999993
11100000,192729404,7.976,2662,tt9426210,Weathering with You,2019,"Animation, Drama, Fantasy",72.0,7.5,indie,7.7379999999999995,7.2,0.5379999999999994
5000000,56303596,7.322,2658,tt5462602,The Big Sick,2017,"Comedy, Drama, Romance",86.0,7.5,indie,7.411,8.6,-1.189
1000000,9847490,7.234,2659,tt18925334,Pearl,2022,"Drama, Horror, Thriller",76.0,7.0,indie,7.117,7.6,-0.48299999999999965
7000000,49447308,5.754,2654,tt0983946,Fantasy Island,2020,"Fantasy, Horror, Mystery",22.0,4.9,indie,5.327,2.2,3.127
5000000,19280931,5.871,2648,tt4695012,It Comes at Night,2017,"Drama, Horror, Mystery",78.0,6.1,indie,5.9855,7.8,-1.8144999999999998
10000000,1905058,7.888,2641,tt10366460,CODA,2021,"Comedy, Drama, Music",72.0,8.0,indie,7.944,7.2,0.7439999999999998
33000000,77100000,6.046,2638,tt2823054,Mike and Dave Need Wedding Dates,2016,"Comedy, Romance",51.0,6.0,indie,6.023,5.1,0.923
4000000,488000,6.068,2639,tt8368406,Vivarium,2019,"Horror, Mystery, Sci-Fi",64.0,5.9,indie,5.984,6.4,-0.41600000000000037
70000000,70060492,6.634,2634,tt8385148,Hitman's Wife's Bodyguard,2021,"Action, Comedy, Crime",32.0,6.1,indie,6.367,3.2,3.167
125000000,26508132,6.544,2634,tt2076822,Chaos Walking,2021,"Action, Adventure, Drama",38.0,5.7,indie,6.122,3.8,2.322
83000000,0,6.22,2627,tt14998742,Rebel Moon - Part One: A Child of Fire,2023,"Action, Adventure, Drama",31.0,5.6,indie,5.91,3.1,2.81
5500000,42187665,7.987,2624,tt3262342,Loving Vincent,2017,"Animation, Drama, Mystery",62.0,7.8,indie,7.8934999999999995,6.2,1.6934999999999993
80000000,100498764,5.292,2622,tt11057302,Madame Web,2024,"Action, Thriller",26.0,4.1,indie,4.696,2.6,2.0959999999999996
80000000,250162278,7.514,2616,tt8115900,The Bad Guys,2022,"Animation, Adventure, Comedy",64.0,6.9,indie,7.207000000000001,6.4,0.8070000000000004
17000000,42698327,6.714,2614,tt8850222,Peninsula,2020,"Action, Drama, Horror",51.0,5.5,indie,6.107,5.1,1.0070000000000006
15000000,835102,6.435,2601,tt6902676,Guns Akimbo,2019,"Action, Comedy, Crime",42.0,6.3,indie,6.3675,4.2,2.1674999999999995
1900000,5973344,7.4,2592,tt3775086,They Call Me Jeeg Robot,2015,"Action, Comedy, Drama",,7.0,indie,7.2,,
1800000,475846,6.882,2571,tt2494362,Bone Tomahawk,2015,"Drama, Horror, Western",72.0,7.1,indie,6.991,7.2,-0.20900000000000052
13000000,42513270,7.646,2568,tt14849194,The Holdovers,2023,"Comedy, Drama",82.0,7.9,indie,7.773,8.2,-0.4269999999999996
30000000,14793385,7.046,2567,tt3922818,The Space Between Us,2017,"Drama, Romance, Sci-Fi",33.0,6.4,indie,6.723000000000001,3.3,3.423000000000001
20000000,13601384,7.531,2561,tt9071322,Dark Waters,2019,"Biography, Drama, History",73.0,7.6,indie,7.5655,7.3,0.2655000000000003
35000000,62832209,6.648,2560,tt2226597,The Mountain Between Us,2017,"Drama, Thriller",48.0,6.4,indie,6.524,4.8,1.7240000000000002
25000000,53857743,6.5,2552,tt14230388,Asteroid City,2023,"Comedy, Drama, Romance",76.0,6.4,indie,6.45,7.6,-1.1499999999999995
10000000,4366460,6.848,2546,tt1172049,Demolition,2015,"Comedy, Drama",49.0,7.0,indie,6.9239999999999995,4.9,2.023999999999999
0,0,7.177,2543,tt3440298,Descendants,2015,"Action, Adventure, Comedy",,6.3,indie,6.7385,,
33000000,39238300,6.427,2541,tt10059518,Unhinged,2020,"Action, Thriller",40.0,6.0,indie,6.2135,4.0,2.2135
35000000,28000000,5.952,2541,tt3381008,The Brothers Grimsby,2016,"Action, Adventure, Comedy",44.0,6.2,indie,6.0760000000000005,4.4,1.6760000000000002
0,0,6.51,2538,tt8629748,Spenser Confidential,2020,"Action, Comedy, Crime",49.0,6.2,indie,6.355,4.9,1.455
30000000,29116320,6.778,2535,tt11291274,The Unbearable Weight of Massive Talent,2022,"Action, Comedy, Crime",68.0,7.0,indie,6.888999999999999,6.8,0.08899999999999952
250000,15815602,6.672,2533,tt10403420,Terrifier 2,2022,Horror,59.0,6.0,indie,6.336,5.9,0.43599999999999994
55000000,36976336,6.944,2533,tt5478478,Hostiles,2017,"Drama, Western",65.0,7.2,indie,7.072,6.5,0.5720000000000001
100000,1929659,7.064,2526,tt6265828,A Ghost Story,2017,"Drama, Fantasy, Mystery",84.0,6.8,indie,6.932,8.4,-1.468
0,0,6.39,2525,tt4139588,Polar,2019,"Action, Crime, Thriller",19.0,6.3,indie,6.345,1.9,4.445
38500000,269670590,6.634,2526,tt10160976,The Nun II,2023,"Horror, Mystery, Thriller",47.0,5.6,indie,6.117,4.7,1.4169999999999998
40000000,204394183,6.599,2512,tt1620981,The Addams Family,2019,"Animation, Comedy, Family",46.0,5.8,indie,6.1995000000000005,4.6,1.5995000000000008
42000000,75984700,6.478,2502,tt4218572,Widows,2018,"Crime, Drama, Thriller",84.0,6.8,indie,6.638999999999999,8.4,-1.761000000000001
11000000,27391084,6.522,2491,tt3715320,Irrational Man,2015,"Comedy, Crime, Drama",53.0,6.6,indie,6.561,5.3,1.2610000000000001
0,0,8.383,2475,tt11316854,Gabriel's Inferno: Part One,2020,Romance,,5.9,indie,7.1415,,
4000000,13624522,7.859,2474,tt3544112,Sing Street,2016,"Comedy, Drama, Music",79.0,7.9,indie,7.8795,7.9,-0.020500000000000185
35000000,66308758,6.27,2474,tt4560436,Mile 22,2018,"Action, Crime, Thriller",38.0,6.1,indie,6.185,3.8,2.385
6000000,11100000,6.801,2474,tt3787590,We Are Your Friends,2015,"Drama, Music, Romance",46.0,6.2,indie,6.500500000000001,4.6,1.900500000000001
105000000,133782481,5.955,2467,tt2058673,Point Break,2015,"Action, Adventure, Crime",34.0,5.3,indie,5.6274999999999995,3.4,2.2274999999999996
5000000,61220856,5.817,2463,tt7958736,Ma,2019,"Horror, Mystery, Thriller",53.0,5.6,indie,5.7085,5.3,0.4085000000000001
99000000,199603202,6.657,2458,tt3513498,The Lego Movie 2: The Second Part,2019,"Animation, Adventure, Comedy",65.0,6.5,indie,6.5785,6.5,0.07850000000000001
9000000,13960394,6.457,2448,tt1619029,Jackie,2016,"Biography, Drama",81.0,6.6,indie,6.528499999999999,8.1,-1.5715000000000003
40000000,31672678,6.91,2439,tt1846589,Hunter Killer,2018,"Action, Thriller",43.0,6.6,indie,6.755,4.3,2.455
50000000,56996304,6.491,2435,tt5294550,All the Money in the World,2017,"Biography, Crime, Drama",72.0,6.8,indie,6.6455,7.2,-0.5545
0,0,5.55,2426,tt4687108,In the Tall Grass,2019,"Horror, Mystery, Sci-Fi",46.0,5.5,indie,5.525,4.6,0.9250000000000007
13000000,125319714,7.158,2419,tt21807222,Saw X,2023,"Horror, Mystery, Thriller",60.0,6.6,indie,6.879,6.0,0.8789999999999996
35000000,95682614,5.224,2414,tt1029360,Poltergeist,2015,"Fantasy, Horror, Thriller",47.0,4.9,indie,5.062,4.7,0.3620000000000001
0,0,7.156,2410,tt2990140,The Christmas Chronicles,2018,"Adventure, Comedy, Family",52.0,7.0,indie,7.077999999999999,5.2,1.8779999999999992
130000000,62076533,6.434,2408,tt8790086,Kraven the Hunter,2024,"Action, Adventure, Thriller",35.0,5.5,indie,5.9670000000000005,3.5,2.4670000000000005
0,0,7.091,2407,tt13623136,The Guardians of the Galaxy Holiday Special,2022,"Action, Adventure, Comedy",,6.9,indie,6.9955,,
0,22586863,6.437,2406,tt1291570,Solace,2015,"Crime, Drama, Mystery",36.0,6.4,indie,6.4185,3.6,2.8185
19000000,45158254,5.645,2405,tt2039338,Flatliners,2017,"Drama, Horror, Mystery",27.0,5.2,indie,5.422499999999999,2.7,2.7224999999999993
50000000,97562514,7.6,2394,tt8093700,The Woman King,2022,"Action, Drama, History",76.0,6.9,indie,7.25,7.6,-0.34999999999999964
25000000,23805899,6.484,2387,tt7139936,A Rainy Day in New York,2019,"Comedy, Romance",38.0,6.4,indie,6.442,3.8,2.6420000000000003
40000000,33562069,6.372,2384,tt6663582,The Spy Who Dumped Me,2018,"Action, Adventure, Comedy",52.0,6.1,indie,6.236,5.2,1.0359999999999996
0,0,6.97,2382,tt9866072,Holidate,2020,"Comedy, Romance",44.0,6.2,indie,6.585,4.4,2.1849999999999996
12000000,28126646,7.696,2378,tt13238346,Past Lives,2023,"Drama, Romance",94.0,7.8,indie,7.747999999999999,9.4,-1.652000000000001
10000000,0,6.561,2370,tt5783956,When We First Met,2018,"Comedy, Fantasy, Romance",36.0,6.4,indie,6.4805,3.6,2.8805
80000000,90100000,7.281,2369,tt16419074,Air,2023,"Drama, Sport",73.0,7.4,indie,7.3405000000000005,7.3,0.04050000000000065
0,0,7.833,2361,tt3845232,The Abominable Bride,2016,"Crime, Drama, Mystery",,8.0,indie,7.9165,,
24000000,144353965,7.523,2351,tt9411972,Where the Crawdads Sing,2022,"Drama, Mystery, Romance",43.0,7.2,indie,7.3614999999999995,4.3,3.0614999999999997
2900000,1696075,7.04,2352,tt8359848,Climax,2018,"Drama, Horror, Music",69.0,6.9,indie,6.970000000000001,6.9,0.07000000000000028
65000000,143695338,6.388,2346,tt2788732,Pete's Dragon,2016,"Action, Adventure, Comedy",71.0,6.7,indie,6.5440000000000005,7.1,-0.5559999999999992
0,0,7.283,2338,tt2452386,The Fundamentals of Caring,2016,"Comedy, Drama",55.0,7.3,indie,7.2915,5.5,1.7915
2500000,23900000,7.646,2336,tt4698684,Hunt for the Wilderpeople,2016,"Adventure, Comedy, Drama",81.0,7.8,indie,7.723,8.1,-0.3769999999999998
28000000,16457494,6.163,2333,tt1374989,Pride and Prejudice and Zombies,2016,"Action, Comedy, Fantasy",45.0,5.8,indie,5.9815000000000005,4.5,1.4815000000000005
0,0,7.592,2327,tt8721424,"tick, tick... BOOM!",2021,"Biography, Comedy, Drama",74.0,7.5,indie,7.545999999999999,7.4,0.14599999999999902
0,0,7.8,2326,tt8075192,Shoplifters,2018,"Crime, Drama, Thriller",93.0,7.9,indie,7.85,9.3,-1.450000000000001
42000000,131523093,6.3,2326,tt2119543,The House with a Clock in Its Walls,2018,"Comedy, Family, Fantasy",57.0,6.1,indie,6.199999999999999,5.7,0.4999999999999991
10000000,53329150,5.898,2328,tt2752772,Sinister 2,2015,"Horror, Mystery, Thriller",32.0,5.3,indie,5.599,3.2,2.399
10000000,9572765,6.593,2325,tt11851548,Orphan: First Kill,2022,"Crime, Drama, Horror",54.0,5.9,indie,6.2465,5.4,0.8464999999999998
20000000,40618920,5.893,2316,tt10342730,Spiral,2021,"Horror, Mystery, Thriller",40.0,5.2,indie,5.5465,4.0,1.5465
23000000,46152411,7.163,2315,tt1083452,Eddie the Eagle,2015,"Adventure, Biography, Comedy",54.0,7.3,indie,7.2315000000000005,5.4,1.8315000000000001
30000000,46900000,6.8,2310,tt13024674,Army of Thieves,2021,"Action, Comedy, Crime",49.0,6.4,indie,6.6,4.9,1.6999999999999993
15000000,65774490,6.509,2311,tt9844522,Escape Room: Tournament of Champions,2021,"Action, Adventure, Horror",48.0,5.8,indie,6.1545000000000005,4.8,1.3545000000000007
4900000,10400000,7.242,2306,tt7026672,Every Day,2018,"Drama, Fantasy, Romance",52.0,6.4,indie,6.821,5.2,1.6209999999999996
20000000,12600000,5.981,2306,tt1712261,Triple 9,2016,"Action, Crime, Drama",52.0,6.3,indie,6.140499999999999,5.2,0.9404999999999992
0,5080147,7.512,2305,tt6768578,Dogman,2018,"Crime, Drama, Thriller",71.0,7.2,indie,7.356,7.1,0.2560000000000002
15000000,3029287,6.3,2299,tt4680182,Colossal,2016,"Comedy, Drama, Fantasy",70.0,6.2,indie,6.25,7.0,-0.75
40000000,34200000,5.956,2297,tt1976009,Victor Frankenstein,2015,"Drama, Horror, Sci-Fi",36.0,6.0,indie,5.978,3.6,2.3779999999999997
90000000,49276818,7.234,2291,tt6587640,Trolls World Tour,2020,"Animation, Adventure, Comedy",51.0,6.1,indie,6.667,5.1,1.5670000000000002
0,0,6.982,2288,tt8954732,The Princess Switch,2018,"Comedy, Drama, Family",,6.1,indie,6.541,,
10000000,30832137,6.5,2269,tt9419056,The Unholy,2021,"Drama, Horror, Mystery",36.0,5.1,indie,5.8,3.6,2.1999999999999997
10000000,0,7.182,2269,tt9701940,Fear Street: Part Two - 1978,2021,"Drama, Horror, Mystery",61.0,6.7,indie,6.941000000000001,6.1,0.8410000000000011
20000000,96942115,7.512,2268,tt2872518,The Shack,2017,"Drama, Fantasy",32.0,6.3,indie,6.906,3.2,3.7059999999999995
0,0,6.964,2257,tt4633690,Shot Caller,2017,"Crime, Drama, Thriller",59.0,7.3,indie,7.132,5.9,1.2319999999999993
49000000,0,6.77,2254,tt1860242,The Highwaymen,2019,"Biography, Crime, Drama",58.0,6.9,indie,6.835,5.8,1.0350000000000001
10500000,27869129,5.917,2251,tt5592248,The Beguiled,2017,"Drama, History, Thriller",77.0,6.3,indie,6.108499999999999,7.7,-1.5915000000000008
100000000,0,6.738,2239,tt13314558,Day Shift,2022,"Action, Comedy, Fantasy",51.0,6.1,indie,6.4190000000000005,5.1,1.3190000000000008
15000000,18887953,6.6,2238,tt9243804,The Green Knight,2021,"Adventure, Drama, Fantasy",85.0,6.6,indie,6.6,8.5,-1.9000000000000004
45000000,114500000,5.716,2236,tt1711525,Office Christmas Party,2016,Comedy,42.0,5.9,indie,5.808,4.2,1.6079999999999997
100000000,75000000,6.653,2232,tt5500218,Samaritan,2022,"Action, Drama, Fantasy",45.0,5.7,indie,6.1765,4.5,1.6764999999999999
13360000,2000000,6.9,2232,tt3312830,Youth,2015,"Comedy, Drama, Music",64.0,7.3,indie,7.1,6.4,0.6999999999999993
23000000,34934009,8.078,2231,tt5580266,The Hate U Give,2018,"Crime, Drama",81.0,7.5,indie,7.789,8.1,-0.31099999999999994
0,0,6.54,2229,tt7939766,I'm Thinking of Ending Things,2020,"Drama, Thriller",78.0,6.5,indie,6.52,7.8,-1.2800000000000002
11089000,75173000,6.825,2228,tt5290524,Quo vado?,2016,Comedy,,6.7,indie,6.7625,,
40000000,0,6.872,2227,tt15326988,Ghosted,2023,"Action, Adventure, Comedy",34.0,5.8,indie,6.336,3.4,2.9360000000000004
100000000,201967521,6.5,2222,tt21235248,Ghostbusters: Frozen Empire,2024,"Adventure, Comedy, Fantasy",46.0,6.1,indie,6.3,4.6,1.7000000000000002
15000000,77239314,7.114,2213,tt27534307,Speak No Evil,2024,"Drama, Horror, Thriller",66.0,6.8,indie,6.957,6.6,0.3570000000000002
72000000,0,6.792,2212,tt14138650,The Pale Blue Eye,2022,"Crime, Horror, Mystery",56.0,6.6,indie,6.696,5.6,1.096
70000000,17752940,5.521,2202,tt2717822,Blackhat,2015,"Action, Crime, Thriller",52.0,5.5,indie,5.5105,5.2,0.3105000000000002
75000000,190304772,7.452,2199,tt6324278,Abominable,2019,"Animation, Adventure, Comedy",61.0,7.0,indie,7.226,6.1,1.1260000000000003
15000000,157209,6.263,2191,tt6259380,Code 8,2019,"Action, Crime, Drama",48.0,6.1,indie,6.1815,4.8,1.3815
5005600,0,6.594,2187,tt4547056,The Girl with All the Gifts,2016,"Action, Adventure, Drama",67.0,6.6,indie,6.5969999999999995,6.7,-0.10300000000000065
6000000,1653784,6.202,2185,tt6998518,Mandy,2018,"Action, Fantasy, Horror",83.0,6.5,indie,6.351,8.3,-1.9490000000000007
2000000,16765533,7.1,2180,tt14966898,Late Night with the Devil,2023,Horror,72.0,7.0,indie,7.05,7.2,-0.15000000000000036
33000000,49900000,6.77,2177,tt8688634,21 Bridges,2019,"Action, Adventure, Crime",51.0,6.7,indie,6.734999999999999,5.1,1.6349999999999998
10000000,51738549,4.306,2177,tt5690360,Slender Man,2018,"Horror, Mystery, Thriller",30.0,3.3,indie,3.803,3.0,0.8029999999999999
37000000,26250020,5.514,2175,tt1243974,Aloha,2015,"Comedy, Drama, Romance",40.0,5.4,indie,5.457000000000001,4.0,1.4570000000000007
22400000,12652790,7.5,2171,tt7458762,The Wolf's Call,2019,"Action, Thriller",,6.9,indie,7.2,,
40000000,0,5.975,2165,tt6111574,The Woman in the Window,2021,"Crime, Drama, Mystery",41.0,5.7,indie,5.8375,4.1,1.7375000000000007
0,10060903,7.322,2164,tt5093026,Papillon,2017,"Adventure, Biography, Crime",51.0,7.2,indie,7.261,5.1,2.1610000000000005
40000000,29900000,6.1,2164,tt2387499,Keeping Up with the Joneses,2016,"Action, Comedy",34.0,5.9,indie,6.0,3.4,2.6
0,1906640,6.662,2163,tt3758172,Jungle,2017,"Adventure, Biography, Drama",48.0,6.7,indie,6.681,4.8,1.8810000000000002
13000000,24600000,7.014,2163,tt4686844,The Death of Stalin,2017,"Comedy, Drama, History",88.0,7.3,indie,7.157,8.8,-1.6430000000000007
21000000,94019120,6.3,2154,tt2531344,Blockers,2018,"Comedy, Drama",69.0,6.2,indie,6.25,6.9,-0.6500000000000004
52000000,239000000,7.269,2153,tt2076298,Ip Man 4: The Finale,2019,"Action, Biography, Drama",62.0,7.0,indie,7.1345,6.2,0.9344999999999999
250000,0,6.017,2147,tt3118452,Circle,2015,"Drama, Horror, Mystery",,6.0,indie,6.0085,,
4000000,52425855,4.942,2127,tt3181822,The Boy Next Door,2015,Thriller,30.0,4.7,indie,4.821,3.0,1.8209999999999997
2900000,938055,6.523,2126,tt6738136,Revenge,2017,"Action, Drama, Horror",81.0,6.4,indie,6.4615,8.1,-1.6384999999999996
20000000,47347283,5.692,2115,tt4799050,Rough Night,2017,Comedy,51.0,5.2,indie,5.446,5.1,0.3460000000000001
38000000,13143056,6.832,2103,tt4971344,The Sisters Brothers,2018,"Drama, Western",78.0,6.9,indie,6.866,7.8,-0.9340000000000002
10951000,49851770,7.4,2101,tt5215952,The Wailing,2016,"Drama, Horror",81.0,7.4,indie,7.4,8.1,-0.6999999999999993
0,5261595,6.261,2101,tt2273657,True Story,2015,"Biography, Crime, Drama",50.0,6.3,indie,6.2805,5.0,1.2805
0,0,7.409,2083,tt11233960,The Unforgivable,2021,"Crime, Drama, Mystery",41.0,7.1,indie,7.2545,4.1,3.1545000000000005
0,0,7.499,2081,tt10676012,To All the Boys: Always and Forever,2021,"Comedy, Drama, Romance",65.0,6.3,indie,6.8995,6.5,0.39949999999999974
6300000,13416285,7.209,2079,tt10620868,#Alive,2020,"Action, Drama, Horror",,6.3,indie,6.7545,,
5000000,2152738,7.117,2079,tt5247022,Paterson,2016,"Comedy, Drama, Romance",90.0,7.3,indie,7.2085,9.0,-1.7915
46000000,75360860,7.899,2076,tt26446278,The Count of Monte-Cristo,2024,"Action, Adventure, Drama",75.0,7.6,indie,7.749499999999999,7.5,0.2494999999999994
10000000,44902237,5.975,2074,tt8663516,Child's Play,2019,"Drama, Horror, Sci-Fi",48.0,5.7,indie,5.8375,4.8,1.0375000000000005
5000000,45172994,5.244,2070,tt1540011,Blair Witch,2016,"Horror, Mystery, Thriller",47.0,5.0,indie,5.122,4.7,0.4219999999999997
20000000,0,5.285,2057,tt5246700,How It Ends,2018,"Action, Drama, Horror",36.0,5.1,indie,5.1925,3.6,1.5924999999999998
0,0,6.558,2055,tt11116912,Troll,2022,"Action, Adventure, Drama",62.0,5.8,indie,6.179,6.2,-0.020999999999999908
0,0,7.764,2049,tt7214954,Luck,2022,"Animation, Adventure, Comedy",48.0,6.5,indie,7.132,4.8,2.332
5000000,61768190,6.894,2046,tt3819668,Dragon Ball Z: Resurrection 'F',2015,"Animation, Action, Adventure",,7.1,indie,6.997,,
0,70018,5.732,2044,tt10539608,The Midnight Sky,2020,"Adventure, Drama, Sci-Fi",58.0,5.7,indie,5.716,5.8,-0.08399999999999963
0,0,6.857,2038,tt12783454,The Kissing Booth 3,2021,"Comedy, Romance",36.0,4.8,indie,5.8285,3.6,2.2285
20000000,111037232,6.834,2037,tt6977338,Good Boys,2019,"Adventure, Comedy",60.0,6.7,indie,6.7669999999999995,6.0,0.7669999999999995
57000000,60692022,7.861,2036,tt7504818,Ron's Gone Wrong,2021,"Animation, Adventure, Comedy",65.0,7.1,indie,7.480499999999999,6.5,0.9804999999999993
70000000,0,6.556,2034,tt2106651,Spectral,2016,"Action, Adventure, Sci-Fi",,6.3,indie,6.428,,
0,0,7.087,2028,tt9701942,Fear Street: Part Three - 1666,2021,"Horror, Mystery",68.0,6.6,indie,6.8435,6.8,0.04349999999999987
0,17325485,7.461,2022,tt6908274,Mirage,2018,"Drama, Fantasy, Mystery",,7.4,indie,7.4305,,
0,1451864,6.049,2021,tt3201640,Extinction,2018,"Action, Drama, Sci-Fi",40.0,5.8,indie,5.9245,4.0,1.9245
16000000,189086877,6.512,2020,tt13405778,Insidious: The Red Door,2023,"Horror, Mystery, Thriller",45.0,5.5,indie,6.006,4.5,1.5060000000000002
21000000,0,5.381,2018,tt7043012,Velvet Buzzsaw,2019,"Horror, Mystery, Thriller",61.0,5.7,indie,5.5405,6.1,-0.5594999999999999
9800000,2341534,6.639,2014,tt3716530,Elle,2016,"Crime, Drama, Thriller",89.0,7.1,indie,6.8695,8.9,-2.0305
4000000,64978931,8.15,2007,tt8267604,Capernaum,2018,Drama,75.0,8.4,indie,8.275,7.5,0.7750000000000004
14000000,3621046,7.255,2006,tt4005402,Colonia,2015,"Biography, Drama, History",33.0,7.0,indie,7.1274999999999995,3.3,3.8274999999999997
30000000,109573511,7.204,2004,tt2261287,Leap!,2016,"Animation, Adventure, Comedy",48.0,6.8,indie,7.002,4.8,2.202
13000000,9101546,7.405,2000,tt4540710,Miss Sloane,2016,Drama,64.0,7.5,indie,7.452500000000001,6.4,1.0525000000000002
